Batch_ID,Granulation_Time,Binder_Amount,Drying_Temp,Drying_Time,Compression_Force,Machine_Speed,Lubricant_Conc,Moisture_Content,Tablet_Weight,Hardness,Friability,Disintegration_Time,Dissolution_Rate,Content_Uniformity,Temperature_C_mean,Temperature_C_std,Temperature_C_min,Temperature_C_max,Pressure_Bar_mean,Pressure_Bar_std,Pressure_Bar_min,Pressure_Bar_max,Humidity_Percent_mean,Humidity_Percent_std,Humidity_Percent_min,Humidity_Percent_max,Motor_Speed_RPM_mean,Motor_Speed_RPM_std,Motor_Speed_RPM_min,Motor_Speed_RPM_max,Compression_Force_kN_mean,Compression_Force_kN_std,Compression_Force_kN_min,Compression_Force_kN_max,Flow_Rate_LPM_mean,Flow_Rate_LPM_std,Flow_Rate_LPM_min,Flow_Rate_LPM_max,Power_Consumption_kW_mean,Power_Consumption_kW_std,Power_Consumption_kW_min,Power_Consumption_kW_max,Vibration_mm_s_mean,Vibration_mm_s_std,Vibration_mm_s_min,Vibration_mm_s_max,total_energy_kwh,vibration_spikes,Friability_inv,quality_score,yield_score,performance_score,energy_score,composite_score,z_Granulation_Time,z_Binder_Amount,z_Drying_Temp,z_Drying_Time,z_Compression_Force,z_Machine_Speed,z_Lubricant_Conc,z_Moisture_Content,z_Tablet_Weight,z_Hardness,z_Friability,z_Disintegration_Time,z_Dissolution_Rate,z_Content_Uniformity,z_Temperature_C_mean,z_Temperature_C_std,z_Temperature_C_min,z_Temperature_C_max,z_Pressure_Bar_mean,z_Pressure_Bar_std,z_Pressure_Bar_min,z_Pressure_Bar_max,z_Humidity_Percent_mean,z_Humidity_Percent_std,z_Humidity_Percent_min,z_Humidity_Percent_max,z_Motor_Speed_RPM_mean,z_Motor_Speed_RPM_std,z_Motor_Speed_RPM_min,z_Motor_Speed_RPM_max,z_Compression_Force_kN_mean,z_Compression_Force_kN_std,z_Compression_Force_kN_min,z_Compression_Force_kN_max,z_Flow_Rate_LPM_mean,z_Flow_Rate_LPM_std,z_Flow_Rate_LPM_min,z_Flow_Rate_LPM_max,z_Power_Consumption_kW_mean,z_Power_Consumption_kW_std,z_Power_Consumption_kW_min,z_Power_Consumption_kW_max,z_Vibration_mm_s_mean,z_Vibration_mm_s_std,z_Vibration_mm_s_min,z_Vibration_mm_s_max,z_total_energy_kwh,z_vibration_spikes,z_Friability_inv,max_z_score,worst_feature,is_anomalous,refined_score
T031,10,6.3,71,17,17.2,105,0.5,3.3,203.9,128,0.35,15.1,83.8,104.9,33.53995458509597,12.95049181395511,20.35092496276372,74.54181551785729,0.9838718618612547,0.1209292804402469,0.6358650327370705,1.341589183214925,37.58375430934776,9.453700744272552,19.98152899717337,62.26951069786692,99.90776779965526,172.2486518628119,0.0,875.9879386446363,5.059927118847621,7.830928566873502,0.0,19.21368992010866,1.1748946145971635,2.3214865005713143,0.0,9.637840127042152,22.54540689514896,17.030990038318354,0.900085816087075,55.70229079030712,2.9293445545113936,2.3837443208813083,-0.0190354074412138,9.173219723660235,5253.079806569708,5,0.9736842105263158,73.78087079854514,55.75221238938042,100.0,67.45794450538534,72.98380648677072,-0.6773488747516603,-0.7475633053843038,0.7874992309581592,-0.7382716607354248,0.8337823234478734,-0.5310261864390408,-0.36273812505500624,0.7499999999999997,0.8126005778405265,0.7998850909249943,-0.7233176382455366,0.7000707177857037,-0.5890855447730982,0.6844001371068315,-1.2146267057254203,-0.5887250503165319,-0.5835413135587846,0.720554096129419,-1.6231289912621183,-1.1887095140306734,1.242109529252082,-0.08882235750647707,0.46433120072209344,0.33140481685276274,-0.7184976518462719,0.008679777620506205,-1.3044741133558155,-1.0864637086255289,0.0,-0.5651260090039119,0.2949324659667007,0.6264495597021436,0.0,0.6819675081299366,-0.9988951471493355,-0.9101573377903714,0.0,0.4734954813408148,-0.6635606150774913,0.7554709374485428,-0.5910272231927926,-1.2130647983616676,-0.7824711617436039,-0.6582799901491728,-0.6997777712359597,-0.8352533840016746,0.1084300114356376,-0.6358383670736646,0.7233176382455374,1.6231289912621183,Pressure_Bar_mean,False,69.68914269937535
T020,9,6.0,72,16,17.5,95,0.4,3.5,204.2,132,0.32,16.2,82.3,105.8,33.83756998771753,13.04425330421292,20.9204074658055,75.15721924881022,0.986285630652642,0.1257995065816597,0.5363906692138315,1.375635737562698,35.96606490806778,8.825131681939075,19.58974619071679,62.51426911008148,126.19178114790644,201.28186499419527,0.0,896.5272704429708,6.5611708530093615,8.526237124086567,0.0,19.79069833265416,1.1453451126428649,2.3310841531571964,0.0,10.01597838874806,26.25042577787013,16.94653125410184,0.5825400676044696,58.4826822610236,3.5255220740966338,2.493897569350036,0.0506247325895316,10.50326280268388,5827.594522687169,5,1.0,75.0,58.40707964601748,100.0,45.925889158520405,72.11471280965728,-1.257933624538798,-1.1816323214138993,1.0828114425674684,-1.1409652938638395,1.0577835446726755,-1.168257610165891,-1.088214375165018,1.2500000000000002,1.0885781325787964,1.2172164427119467,-1.0659417826776327,1.1667845296428392,-1.3574579944771354,1.1582156166423214,-0.8217115631645479,-0.28801714648684124,0.20331564221878293,0.8830289596858871,1.2225625691230182,-0.2888088566961049,-1.0921868260837364,0.5781587460166188,-1.8671152734740084,-1.7851383781240644,-1.3833942841700135,0.30493415781411737,0.568259176312692,0.31539026894397854,0.0,0.2557147970516375,1.8921649284615658,1.521702747770541,0.0,1.0187536642976607,-1.193062209472601,-0.8545008009751506,0.0,1.4983402902911018,1.9753107390715499,0.5435714531619599,-1.4617269818723906,-0.16446581172917574,1.8295460629671072,0.6510374067257861,1.4533709478840393,1.0023274855603672,1.4080857662103377,-0.6358383670736646,1.0659417826776336,1.9753107390715499,Power_Consumption_kW_mean,False,67.30895205692669
T046,12,7.3,66,20,15.2,122,0.6,2.7,201.8,114,0.46,12.4,86.8,101.7,35.63173551277779,13.697046286507735,19.77075317567687,69.4084921958603,0.98496863398825,0.1360077700652426,0.5735529481373507,1.302309355649333,37.70656869999463,9.37240008862973,20.15612434050439,61.66314140685326,138.068105229223,224.84456354158016,0.0,877.8580484602794,4.2722757587596885,6.908692990233318,0.0,16.8909479110805,1.480039619612182,2.6252886010031653,0.0,9.008439685987003,23.41966217612178,16.136153442235074,1.252352859163307,60.15936922822981,3.205704284535755,2.5053415485780866,0.0169030194397376,9.039505553307263,4543.414462167625,5,0.8771929824561404,65.8621083493348,37.16814159292064,100.0,94.05526750640918,66.90081256825103,0.48382062482261506,0.6993334147143488,-0.6890618270883867,0.46980923864981894,-0.659559151384138,0.5522672338966048,0.3627381250550054,-0.7499999999999997,-1.119242305327467,-0.6607746403293395,0.5329708913388177,-0.4454995476818109,0.9476593546349764,-1.0002771234638173,1.5469655847492545,1.8055930211934752,-1.3851677090614025,-0.6347123157937195,-0.3300991051385892,1.5974327165659994,-0.22012522976220666,-0.8583246827134052,0.6413337685992262,0.05764595762867052,-0.422190989361151,-0.7252666344857133,1.4144460645663115,1.4531032231198109,0.0,-0.4903883075267218,-0.5430809044359076,-0.5609863370262509,0.0,-0.673762037543207,1.0061846439760513,0.8515831123795865,0.0,-1.2323297156556712,-0.040878979652662246,-1.4895935042170783,0.3748771570828335,0.467881206030619,0.42833661165621806,0.7870642720344027,0.411055163807743,-1.0199922133712858,-1.4969608043981661,-0.6358383670736646,-0.532970891338816,1.8055930211934752,Temperature_C_std,False,63.36839276119467
T011,11,6.8,68,19,15.8,110,0.5,3.0,203.5,118,0.42,13.2,84.7,104.2,34.88558534465347,13.12859775106083,20.43812635733995,72.42581831742481,0.9850768678961,0.124212117983258,0.6135287703461942,1.292040654954956,37.00054153774005,9.727084645752486,20.74822204300968,63.5241197981385,116.29340616222298,181.3397292156384,0.0,887.9285229162565,4.108700979295757,6.97199276420703,0.0,17.95800694491503,1.4467994409247562,2.532422243521649,0.0,9.278583450288336,22.531433078157225,16.33965400740296,1.243269395557845,55.97604081211801,2.941847276874097,2.355785132739836,-0.0086686645036997,10.51742922389495,4956.915277194589,9,0.912280701754386,69.29999842682781,52.21238938053112,60.0,78.55780123556433,63.239496308446896,-0.09676412496452261,-0.024114945334977458,-0.09843740386976833,0.06711560552140435,-0.21155670893453354,-0.21241047457561557,-0.36273812505500624,0.0,0.4446305048561406,-0.24344328854238698,0.0761386987626886,-0.10607132087662174,-0.1280620749506729,0.31587698635700084,0.5618898894124204,-0.01751118778704372,-0.46305469016066975,0.16190237022295345,-0.20249768812818797,-0.5821200914661389,0.7179598484283765,-1.0594912751069767,-0.3762067659574584,1.251954158154237,0.5826610917268501,1.5272524714995561,-0.13699903915480335,-0.647505647394754,0.0,-0.08792845873668706,-0.7171145685638147,-0.4794839250882805,0.0,-0.05094493020884937,0.7877664839400588,0.3130535294617389,0.0,-0.5001757324392603,-0.6735133593238395,-0.9790289109527702,0.34997060548501263,-1.10982250371186,-0.7276933059970859,-0.9906120089050465,-0.3793486238425859,1.0218997422926313,-0.5615474916015829,1.5441788914646135,-0.07613869876268739,1.5441788914646135,vibration_spikes,False,61.048312330449264
T042,11,6.6,70,18,16.8,108,0.5,3.1,203.1,124,0.37,14.3,84.5,104.1,34.2335335584012,12.783431327490876,21.55654182720014,74.01674693968289,0.9853239589855942,0.1313356492207652,0.6059205026340306,1.43071587737042,37.50243014584984,9.45013701239213,20.80625969687544,62.49915225240365,123.3474079708447,210.3594617878755,0.0,865.9679428439724,4.550846179547651,7.499035846292365,0.0,19.14914365084161,1.2570193753084282,2.339771122513778,0.0,9.195558750053614,22.903503594770143,16.8158501165857,1.65955343823359,61.79867854614741,3.057948489451969,2.542425154818899,0.0213950563491351,10.27698454226455,5496.840862744834,8,0.9561403508771932,71.73652772949838,48.67256637168147,70.0,58.322100973920456,63.12859110069584,-0.09676412496452261,-0.31349428935470824,0.49218701934885006,-0.3355780276070103,0.5351140284814722,-0.33985675932098564,-0.36273812505500624,0.2500000000000003,0.07666043187175468,0.3825537391380418,-0.4949015419574721,0.36064249098051454,-0.23051173491121266,0.26323082196416364,-0.2989560825891094,-1.1245144086052883,1.0822658196147867,0.581928928120487,0.08880818612491935,0.7341371534831598,0.5394218717890623,1.6571934129582926,0.34712518199924947,0.319404874583525,0.6811570950413596,0.2866367875161959,0.36559787545476513,0.7536974282103863,0.0,-0.965568511732121,-0.2466988386537422,0.19911695590404727,0.0,0.6442933781713842,-0.45926089016695226,-0.8041252924348143,0.0,-0.725192456920804,-0.4085089803739153,0.21570424665960988,1.4914074448442187,1.0861315882700067,-0.21902205104239167,1.2278520968595708,0.5499010448731574,0.6897025720503699,0.6598614205193173,0.9991745768300441,0.49490154195747527,1.6571934129582926,Pressure_Bar_max,False,60.593715586954985
T057,11,6.7,68,19,16.5,112,0.5,3.0,203.6,119,0.41,13.9,85.3,103.8,33.8344923818842,12.356513673510989,21.94701566066155,70.01294294210095,0.9865579491626169,0.1283698682733005,0.6610177586491495,1.421002116255804,37.43012806197803,9.610175606157089,21.54716219649223,59.57624817956565,115.21006837866088,195.5186205631011,0.0,863.6851035654327,4.218720803867201,7.17797142981636,0.0,18.24525162898234,1.2890018777065777,2.45788347580618,0.0,10.72854576847942,21.984456731269702,16.632524462743447,1.023655257946343,57.67255067963557,2.883505089776224,2.446422099366995,0.0082599513451318,10.41095568328976,5452.145269354886,9,0.9210526315789472,70.01449311269606,53.09734513274336,60.0,59.99723298296127,61.93472408319756,-0.09676412496452261,-0.1688046173448422,-0.09843740386976833,0.06711560552140435,0.31111280725666995,-0.08496418983024549,-0.36273812505500624,0.0,0.5366230231022305,-0.13911045059564886,-0.03806934938134367,0.19092837757791958,0.17928690493093913,0.10529232878566695,-0.8257746523867313,-2.493706733547988,1.6217855594964194,-0.47512918754394134,1.543610089638368,0.18613216426111592,1.8323512191082838,1.4668982353198496,0.24292196574117966,0.8582933068417099,1.9385465688952703,-3.2512319485537287,-0.214186746539963,0.03711493328361207,0.0,-1.0568006731232622,-0.6000601347468959,-0.21427353015232475,0.0,0.1167129945688306,-0.2491068054720625,-0.11919483881319186,0.0,3.429567711844516,-1.0630930777781915,-0.24424331079146974,-0.2522039710435645,-0.4699994620189153,-0.9833064289691782,0.08672850401323912,0.14390366240459154,0.8747964308162391,0.5587519388425423,1.5441788914646135,0.03806934938134225,3.429567711844516,Flow_Rate_LPM_max,True,58.8098960269857
T028,14,7.9,63,23,14.0,140,0.8,2.4,201.6,106,0.56,9.5,87.6,100.9,34.63149641498335,13.200526220834751,21.60280092046158,65.32540584836059,0.9859648279454736,0.125890846655556,0.5323426376607718,1.334448316613829,37.81009079209334,9.303228496137974,21.14749231380802,61.10384475115848,105.4887462506876,178.4254205426103,0.0,936.502452260526,4.143394199012067,6.329449113269305,0.0,15.26925196991562,1.457376462192916,2.720575058024972,0.0,9.642403066002087,23.21191010256863,17.110070134542287,1.056005388179677,61.39354794245812,2.987267202233958,2.3535599061935475,-0.0395930466263466,9.156260471125442,5153.044042770236,5,0.7894736842105263,60.99724135338267,35.39823008849545,100.0,71.20715325908374,62.13908089381008,1.6449901243968905,1.5674714467735413,-1.5749984619163142,1.6778901380350628,-1.5555640362833443,1.6992837966049352,1.8136906252750296,-1.5000000000000007,-1.303227341819673,-1.4954373439032445,1.6750513727791396,-1.6759268698506233,1.3574579944771283,-1.4214464386064776,0.2264388773173839,0.2131747720022071,1.1461822509472823,-1.7127020383650158,0.8443550292810886,-0.2719314078562396,-1.1871791936235803,-0.22871384364806097,0.790531888110908,-0.17527142909511886,1.260264738609263,-1.402236559964585,-0.9068299638231397,-0.7882215642539052,0.0,1.853296489947795,-0.680203082774801,-1.3067990012622015,0.0,-1.6203075828469364,0.8572671188727745,1.4041467893590187,0.0,0.4858621333837755,-0.18884880464362624,0.9538757778997984,-0.163501002346881,0.9333403195020429,-0.5286961558402535,-1.0170617765655139,-1.3352007614863877,-0.8586842025304129,-0.11786890216553328,-0.6358383670736646,-1.6750513727791385,1.853296489947795,Motor_Speed_RPM_max,False,57.191757242569
T005,10,6.5,70,18,16.2,100,0.6,3.2,202.7,125,0.38,14.8,85.1,103.5,33.91822794323227,12.943067596009922,21.00882579988471,74.7121422408095,0.969525046339903,0.117061951064531,0.5809315153241349,1.325708843881666,36.420932972690174,9.490309579971656,22.09515425355475,61.66413449419625,99.42731880377038,167.4370486953248,0.0,906.424204465774,5.604898808460925,7.700568333252384,0.0,18.03662896504751,1.2198776066152592,2.2472929313578667,0.0,8.663748441313322,24.982074172152075,17.1728990625553,1.365546077337376,58.3618202123696,3.0903121695931133,2.373055880811308,0.0473259846805599,10.23270981092188,6170.572320521563,7,0.9473684210526316,71.64746242048894,45.13274336283182,80.0,33.071532745122354,61.50596125155736,-0.6773488747516603,-0.458183961364573,0.49218701934885006,-0.3355780276070103,0.08711158603186768,-0.8496418983024658,0.3627381250550054,0.5000000000000006,-0.2913096411126312,0.4868865770847799,-0.3806934938134398,0.5727851327337581,0.07683724497039937,-0.05264616439282973,-0.7152260391944051,-0.6125356895217543,0.3254837172990247,0.7655226422720118,-18.5371814030715,-1.9032989696912357,-0.04697747709840558,-0.39992245135521276,-1.2115502777157512,0.4546755705664653,2.8685467304041703,-0.7240646064425836,-1.3387060556646295,-1.3187895283101807,0.0,0.6512392172479702,0.8747493564445701,0.45860261817387415,0.0,-0.005055117556471855,-0.7033160396512487,-1.3404039089628974,0.0,-2.1665251371948298,1.0719370113619398,1.1115079006889008,0.6852491529898349,-0.21004781810335355,-0.07722789207694163,-0.7853262708866858,1.3514088382505052,0.6285328245411297,2.183963313312696,0.45417026219547446,0.3806934938134413,18.5371814030715,Pressure_Bar_mean,True,56.33440527675707
T026,11,6.9,69,20,16.0,115,0.6,2.9,202.8,121,0.39,12.8,85.9,103.7,34.70365217016981,13.441417976891756,22.16254702971631,70.34198171636507,0.975735622797846,0.1367646811311177,0.5157203875894759,1.299150812935289,36.99543215575526,9.260690289130714,21.78531301062061,63.98806784097496,112.87818774295523,180.69753083013208,0.0,872.5904358070655,4.923874236156103,7.39553326528968,0.0,17.91252808454258,1.3632736151142222,2.5924279827173304,0.0,9.237724748878463,23.46652075698197,16.36395796418539,1.412575512861936,56.93965753556333,3.11220630652378,2.405339706776464,0.012828157425869,10.37155680946763,5092.235004265089,10,0.9385964912280702,71.80060934843327,46.01769911504441,50.0,73.48619598148944,59.874173072035575,-0.09676412496452261,0.12057472667488858,0.19687480773954086,0.46980923864981894,-0.062222561451332925,0.10620523728780959,0.3627381250550054,-0.2500000000000003,-0.19931712286651512,0.0695552252978274,-0.2664854456694076,-0.2757854342792159,0.48663588481255843,0.052646164392837216,0.32169970248282403,0.9857526695439177,1.9195863804578313,-0.3882585248156404,-11.215276722491923,1.7372916771043754,-1.5772420840470203,-0.9202013790574449,-0.3835705099520282,-0.31850780193455247,2.342713550420697,2.088812904209292,-0.38033300571882933,-0.6785138708744222,0.0,-0.7009049620462758,0.15018043409744714,0.06585091932977447,0.0,-0.07748986480374809,0.23892595692072155,0.6610252447102805,0.0,-0.6109125509020382,-0.007504313924313872,-0.9180524718991631,0.8142022829175535,-0.7464033484061859,0.018696326640433567,-0.40159019808386714,0.2851038820291033,0.8203631436846822,-0.2554298986350702,2.0891832060991833,0.26648544566940874,11.215276722491923,Pressure_Bar_mean,True,56.15348970599943
T053,13,7.4,65,21,14.7,132,0.7,2.6,202.2,113,0.47,11.8,86.9,102.4,34.16257050787856,12.80552445141069,21.47785359571674,68.0669913390501,0.9749606465977192,0.1219807053511517,0.6401779734079718,1.367630535281389,36.25215646657649,9.056584852647838,21.17708981141529,60.68903878068249,116.3847239649624,188.92484455541543,0.0,884.653246174875,5.232478404035425,7.057110966489026,0.0,16.3055609213805,1.3175928966628674,2.5521946228253807,0.0,9.372955487070726,25.759212406532612,17.126331863558818,1.106585945879337,56.569204503935,3.375013467815616,2.411935115457639,0.0210341482618649,10.1514120581104,6285.247827193958,6,0.868421052631579,66.76867855084284,40.70796460176993,89.99999999999999,28.773645698317864,59.79722537069989,1.0644053746097528,0.8440230867242149,-0.9843740386976959,0.8725028717782335,-1.0328945200921409,1.1894986576234552,1.088214375165017,-1.0,-0.751272232343107,-0.7651074782760776,0.6471789394828493,-0.700070717785703,0.99888418461525,-0.6317539727139867,-0.39264228588051114,-1.0536582717765135,0.9735418782297005,-0.9888865882402279,-12.12892812111354,-0.9944314782705725,1.3433183365495769,0.4213346927813353,-1.4547943700579185,-1.005779891085542,1.3104948052685685,-1.9043156696143493,-0.1304926549560264,-0.2812621985118626,0.0,-0.21882272671226893,0.47851658883470494,-0.36988892418531183,0.0,-1.015438570926698,-0.061237846862965156,0.42771304091992685,0.0,-0.24440502156177085,1.6254477733407198,0.9946749916722507,-0.024810814890675846,-0.8861162908647165,1.170126579410059,-0.32319502185613935,0.5387456153049294,0.5162122556356291,2.4433799618289926,-0.09083405243909509,-0.6471789394828485,12.12892812111354,Pressure_Bar_mean,True,54.919687511478635
T037,12,7.1,67,19,15.5,120,0.6,2.8,202.4,116,0.44,13.6,86.1,102.3,34.27618749727164,12.404103675031308,21.08619419327467,68.98330414839825,0.9769509680524592,0.12898620724849,0.6598799902520551,1.405526531086346,36.674939530002845,9.44660638306727,21.46635212922421,66.55178136832691,125.30676225180213,203.8530427920153,0.0,889.9552692506202,4.988645232150405,7.274264395343508,0.0,17.39368978870213,1.270647608543206,2.4141089550185235,0.0,9.405719512503897,24.55058485145725,16.77335506647908,1.111412115133303,59.98694946677515,3.2898870109799154,2.4879355369590823,0.0084970619919969,9.734315137143126,6260.399137121598,7,0.8947368421052632,66.93173181717088,42.47787610619476,80.0,29.704941894785986,58.48654974820538,0.48382062482261506,0.4099540706946181,-0.39374961547907755,0.06711560552140435,-0.43555793015933575,0.42482094915123475,0.3627381250550054,-0.5000000000000006,-0.567287195850901,-0.45210896443586324,0.3045547950507531,0.0636427925259732,0.5890855447730909,-0.6844001371068239,-0.2426438812566599,-2.3410780843970618,0.43238403148086235,-0.7469676800734696,-9.782456086833912,0.3000167833340723,1.8056519920060854,1.1637273837688809,-0.8454709228032804,0.3075163965795693,1.801403384715447,5.191919167923043,0.5052016695780709,0.4395382854449909,0.0,-0.006930882422928219,0.2190928532310328,-0.09029032372916097,0.0,-0.3803235003791025,-0.3697110217479978,-0.3730421422017991,0.0,-0.15560670415792457,0.7646120437853852,0.10908799252029862,-0.011577621170227611,0.40285468403147856,0.7971642246937446,0.5801707474240964,0.15123259521124358,-0.060046765452115534,2.387167749773918,0.45417026219547446,-0.30455479505075245,9.782456086833912,Pressure_Bar_mean,True,54.58075879051806
T015,12,7.2,66,21,14.8,125,0.8,2.7,202.1,112,0.48,11.5,87.2,101.9,34.676663840651806,13.280318504519933,20.96269828595576,68.56405527146767,0.9639574417647117,0.1360526317469461,0.6182659231832988,1.401961040441142,38.49583030263823,9.231973682670349,22.39142374656176,60.78495063943446,123.10792937722596,207.91271537460327,0.0,896.595723102702,3.1699364661992333,6.097009006326007,0.0,16.32471584735008,1.4096585625318958,2.5714062472257506,0.0,9.676766394978529,20.850117808048616,16.07880632680413,1.33076825111899,57.47330866988472,2.7714126906602137,2.442806318548461,0.0237434907492455,10.3861425545811,4670.42638900289,9,0.8596491228070176,65.79221619671071,39.82300884955734,60.0,89.29502766988992,59.19329190054047,0.48382062482261506,0.5546437427044841,-0.6890618270883867,0.8725028717782335,-0.9582274463505392,0.7434366610146599,1.8136906252750296,-0.7499999999999997,-0.843264750589197,-0.8694403162228158,0.7613869876268816,-0.8273563028376494,1.152558674556056,-0.8949847946781504,0.2860694116892702,0.469081224670356,0.26174908981906664,-0.8576550234375094,-25.101060018006347,1.605722076378439,0.8291233503666269,1.093878468637913,1.778833451323129,-0.4152035218302744,3.3713472232135846,-1.788224426781497,0.3485350499078951,0.6355575180313796,0.0,0.2584504623080381,-1.7159031868511694,-1.6060801543807883,0.0,-1.004258293917368,0.543717184537289,0.539120749331068,0.0,0.5789949445435906,-1.8710172976369295,-1.6334722528619559,0.5898895235806935,-0.5451417474559805,-1.474413972664987,0.04375015525997803,0.6224895943406619,0.8405147362244483,-1.209636951752544,1.5441788914646135,-0.7613869876268812,25.101060018006347,Pressure_Bar_mean,True,52.38506215093052
T009,13,7.8,63,24,14.2,130,0.7,2.4,201.8,108,0.52,9.6,88.9,102.1,34.43578206449675,12.77286780963385,21.9566954220414,65.16423885056419,0.9785472417392336,0.1305837100948913,0.5549076854246321,1.367847148250736,36.982905274068976,9.659800393095162,19.88408234407818,61.03074023936777,103.17980374562904,176.30592466232503,0.0,992.9650309922648,5.003193039043346,6.8054019843927644,0.0,15.65687338939862,1.4178722982389902,2.593942596034762,0.0,9.257556117275724,24.86397592638167,17.060019807384652,0.8860506686158249,70.58799871009025,3.199024911269332,2.3867545003905435,0.0153283479161175,9.989837476230283,5917.626270478838,7,0.8245614035087719,66.66783648597246,37.16814159292064,80.0,42.55161775686518,58.07273884795169,1.0644053746097528,1.4227817747636753,-1.5749984619163142,2.0805837711634774,-1.4062298888001437,1.062052372878085,1.088214375165017,-1.5000000000000007,-1.119242305327467,-1.2867716680097683,1.2182191802030107,-1.6334983414999749,2.0233807842206333,-0.7896924658924909,-0.0319453704241067,-1.158393278310959,1.6351601364699342,-1.7552522938472632,-7.900543214844152,0.595196887877093,-0.6576607640751251,0.4255781987718897,-0.4016245035784006,1.025391898531911,-0.8838748720980051,-1.4907219020370284,-1.071341883516007,-0.8905603483483318,0.0,4.109786092101922,0.23457083918278557,-0.6939799573668253,0.0,-1.3940621329061835,0.5976888871877366,0.6698084478016765,0.0,-0.5571648162384655,0.9878224393169293,0.8283040139742206,-0.629511125353805,4.400942583113114,0.3990724454489681,-0.6225000158502114,0.36238311157498965,0.29298162096450114,1.6117537939340063,0.45417026219547446,-1.2182191802030098,7.900543214844152,Pressure_Bar_mean,True,52.177805772034766
T002,12,7.0,65,20,15.0,120,0.8,2.8,201.3,110,0.45,12.1,87.9,101.2,34.11897383979008,12.37351417983974,21.00230522083554,68.19961150031284,0.9903198967097788,0.1332308129551908,0.445282292158405,1.364275522542044,37.46879950846719,9.42990060238872,21.37905033422404,63.74433375433484,111.62133982030409,186.5557650455266,0.0,870.711447200188,3.907254861249304,6.631457739395763,0.0,18.25277962284972,1.406522562577917,2.540312682023756,0.0,9.97518125445068,21.761982299111175,16.360921868727864,0.9022623139774462,55.69533837674879,2.886003513203927,2.4404218858656668,0.0299283242631608,9.810441483569315,5288.161698684016,9,0.8859649122807017,65.63660220511997,32.74336283185839,60.0,66.14312136598363,54.69196186820387,0.48382062482261506,0.2652643986847533,-0.9843740386976959,0.46980923864981894,-0.8088932988673386,0.42482094915123475,1.8136906252750296,-0.5000000000000006,-1.5792048965579426,-1.078105992116292,0.4187628431947854,-0.5727851327337573,1.5111324844179415,-1.263507945427981,-0.4501990887417771,-2.4391834254381717,0.3164741990905958,-0.9538730816229797,5.978725177615754,1.0843178311039077,-3.2301643407763447,0.35560909610671376,0.29865603156239307,0.2512640155274455,1.6532430557402569,1.7937983626607548,-0.4698832929452707,-0.3956520016344844,0.0,-0.775997498540751,-0.9314410445820671,-0.9179440352776292,0.0,0.12110690644797203,0.5231108169764513,0.35880997636905143,0.0,1.387770333376149,-1.221548790053139,-0.9256697620089164,-0.5850593392045218,-1.215686836980578,-0.9723601506990406,0.01540801159504561,0.8136586955308059,0.04512901424150716,0.18779156945258474,1.5441788914646135,-0.41876284319478496,5.978725177615754,Pressure_Bar_mean,True,50.23463908857491
T059,14,8.0,63,24,13.9,146,0.9,2.4,200.9,104,0.57,9.4,88.7,100.3,33.7575294190542,12.880201815112368,21.68411371470664,66.34970852054637,0.97723926733171,0.1293237177499846,0.6801930439446331,1.366490685973735,37.71297748744783,9.16443998824689,21.01289010895515,64.7240634583247,102.28094903468046,178.15936279562243,0.0,867.8099236915094,4.672451161162628,6.558542759704924,0.0,15.57854972474602,1.34387351757339,2.658204014574123,0.0,9.45860389044066,24.283559829709056,17.479034664630927,1.300764686476691,60.79769348470554,3.1242053366170413,2.447323852765992,0.0183702016047363,10.78237617805954,6022.322837767846,6,0.7807017543859649,60.76041306367591,29.20353982300909,89.99999999999999,38.62772822322826,54.92799999469592,1.6449901243968905,1.712161118783406,-1.5749984619163142,2.0805837711634774,-1.6302311100249447,2.0816226508410454,2.539166875385041,-1.5000000000000007,-1.9471749695423286,-1.7041030197967209,1.7892594209231707,-1.7183553982012718,1.9209311242600933,-1.7373234249634784,-0.9273820061926424,-0.8141561751213369,1.258532564440132,-1.4422723536989688,-9.442568178449129,0.3623806065597861,2.2823244282086868,0.3990047400553315,0.6505702418677171,-0.6426057118664454,1.0318306388092728,2.9796583851483494,-1.1353851906573336,-0.8010680276883978,0.0,-0.8919549658545594,-0.11731849899491531,-1.0118266250271517,0.0,-1.4397778025251922,0.11144969846756615,1.0424587364769815,0.0,-0.012277436290265693,0.5744255149073458,1.879574559513752,0.5076207587856629,0.7086193091118046,0.07126736840870503,0.09744703868571233,0.4564047912688472,1.3879491297898954,1.8485962844133912,-0.09083405243909509,-1.789259420923171,9.442568178449129,Pressure_Bar_mean,True,48.58226124625155
T033,13,7.7,64,22,14.3,138,0.7,2.5,201.9,111,0.49,10.7,87.4,101.8,34.33404141144617,12.902029204937364,22.0625632210404,66.59931402439129,0.976851934292838,0.1254416260966726,0.5664474688481846,1.341480766112764,38.12345098992395,9.377836414869952,21.54902169142016,63.49670621803392,122.47276349542402,207.70493885441715,0.0,911.3035573568376,3.681612574358932,6.260165623119418,0.0,15.6652126751727,1.3774695699716757,2.5530698234018447,0.0,8.84748059587672,21.828658219197123,16.240998223430072,1.101394709832537,58.13973012346489,2.9705674687840413,2.466243295708004,0.0490583843818237,9.297325470037435,5151.563339730521,11,0.8508771929824561,65.39230661674907,38.05309734513287,39.99999999999999,71.26264806001569,52.69911665624106,1.0644053746097528,1.2780921027538106,-1.2796862503070052,1.275196504906648,-1.3315628150585421,1.5718375118595653,1.088214375165017,-1.2500000000000002,-1.0272497870813768,-0.9737731541695539,0.8755950357709138,-1.1667845296428392,1.2550083345165957,-0.9476309590709876,-0.16626450460022116,-0.7441522894930228,1.781438228580366,-1.3763731429201373,-9.899211069727368,-0.3549365629536402,-0.3868646168781604,-0.09094627752791294,1.242152902508051,0.07595137544020014,1.9417023273793823,1.4940712087626065,0.30327954514338823,0.6255251340871579,0.0,0.8462393272542216,-1.1715107796501854,-1.396005821448344,0.0,-1.3891946891393814,0.33220627195982033,0.43278830621722747,0.0,-1.668567210398215,-1.174059376072848,-1.2265473892220264,-0.03904500947459494,-0.2938070457586535,-0.6018622682585928,0.322329701044888,1.4049561638248393,-0.6637895051678616,-0.12121851910778171,2.634187520733753,-0.8755950357709137,9.899211069727368,Pressure_Bar_mean,True,47.38078623523537
T001,15,8.5,60,25,12.5,150,1.0,2.1,199.8,95,0.65,8.2,89.3,98.7,35.222404899898685,13.179166389051517,20.91414799977224,64.46482591526552,0.989572891378878,0.1294343010564435,0.6081912175512476,1.320375559991232,38.26000305901098,9.577896054065263,19.97011084400446,62.9236914022922,121.27641471515253,199.05666859970057,0.0,875.033249808928,3.0705421235331234,5.399741235902181,0.0,14.2194691135473,1.5766266352519118,2.757339939984203,0.0,9.08148252476908,21.821215823434997,16.399438765987455,1.16499661975138,66.06729503026247,2.9098652902916173,2.4057294530761903,0.0118867367811622,9.794026100629145,4604.276538744784,7,0.7105263157894737,54.26266202931518,19.46902654867273,80.0,91.77423698687662,52.72319647501556,2.225574874184028,2.4356094788327325,-2.460935096744242,2.4832774042918917,-2.675570142407353,2.3365152203317856,3.264643125495053,-2.2500000000000004,-2.9590926702493703,-2.643098561317364,2.702923806075429,-2.2274977384090566,2.2282801041417053,-2.579662055248799,1.0065627873898981,0.14467041883940757,0.1946669052314014,-1.9399067174665618,5.0980497901088375,0.38281374195906165,0.5927071743286253,-0.5044029088578483,1.4389544886254,0.7496002921660899,-0.7378754587950492,0.800496889729568,0.21803981568564135,0.20794778910616074,0.0,-0.6032795166802721,-1.821652751083852,-2.5038559518070658,0.0,-2.2330409942149756,1.6408490492964087,1.6173453801562205,0.0,-1.0343662146359767,-1.179360165516731,-0.8290343351395988,0.13534928767006235,2.6960009058493637,-0.8678151607963425,-0.39695754659430127,0.2560051943949854,0.02244960322608678,-1.3592798262578751,0.45417026219547446,-2.7029238060754284,5.0980497901088375,Pressure_Bar_mean,True,45.57631231512812
T024,15,8.4,61,25,13.1,150,1.0,2.1,200.3,98,0.62,8.8,89.5,98.5,35.05997305051368,13.40502649574335,20.78157574736586,64.9106151466997,0.9876229708841144,0.1425917877525666,0.6246367550133496,1.474516134269566,38.20815818220744,9.449571110634563,20.44171503401668,61.73637013991358,106.195524879794,177.49663871339897,0.0,877.089667078314,3.422437845698328,5.808364872725495,0.0,15.48699766576089,1.593854486880249,2.779055649113237,0.0,9.47678341385792,21.47237323137698,16.371524855581303,0.3758895896236103,57.17133168892914,2.799833047994936,2.3390698177228866,0.0137743226339927,8.618622988072904,4552.14312505192,8,0.736842105263158,55.77697587510679,23.893805309734617,70.0,93.72812871073324,52.85174481403642,2.225574874184028,2.2909198068228678,-2.165622885134933,2.4832774042918917,-2.2275676999577496,2.3365152203317856,3.264643125495053,-2.2500000000000004,-2.499130079018894,-2.3301000474771496,2.360299661643332,-1.972926568305164,2.3307297641022453,-2.684954384034466,0.7921184653038927,0.8690394434283197,0.011491130046248096,-1.822212363485224,2.799208113486682,2.8140008332585276,0.9786232716993313,2.5152521575460063,1.3642346103019751,0.31749934727431267,0.062486457453679624,-0.636630935598557,-0.8564720580643571,-0.8330673240284855,0.0,-0.5210961610792733,-1.4472570030348653,-1.977727501651842,0.0,-1.4932145728814843,1.7540516794452639,1.743274210544035,0.0,0.03699340480187148,-1.4278206329065477,-0.8990678227673886,-2.0283556398492557,-0.6590295792780086,-1.3498965924350632,-1.1892956886891288,0.3143492209711194,-1.6014814616553321,-1.477214996970071,0.9991745768300441,-2.3602996616433307,3.264643125495053,Lubricant_Conc,True,45.55254957742702
T048,14,7.8,64,23,14.1,141,0.8,2.5,201.1,107,0.53,9.9,87.9,100.6,34.700321667396246,13.215911242433972,20.54757441566166,66.55435293096482,0.9694119375129407,0.1249586321051954,0.591404803362428,1.376105114079976,38.09220659706876,9.491721567877908,20.71196892862423,62.21769109007453,100.89780862653234,164.8829769238732,0.0,834.8579924415187,2.86195048742777,5.696378118029872,0.0,15.41718668240534,1.504235931248831,2.6228860082708567,0.0,9.565186411855684,19.741394276178852,16.006182261714812,0.646550382191907,56.48279385247532,2.572401816403048,2.294923010706132,-0.0049284213323886,9.505223219461133,4678.710443454389,10,0.8157894736842105,61.872691582917305,30.973451327433565,50.0,88.98455221305296,52.93956725270229,1.6449901243968905,1.4227817747636753,-1.2796862503070052,1.6778901380350628,-1.480896962541744,1.7630069389776204,1.8136906252750296,-1.2500000000000002,-1.7631899330501486,-1.3911045059565064,1.3324272283470429,-1.5062127564480283,1.5111324844179415,-1.5793849317849817,0.31730273592616137,0.262516965505694,-0.3118297350008644,-1.3882434764140585,-18.670530063241454,-0.4441822361110033,0.1987919576611169,0.5873539574986416,1.1971228556381146,0.45943007341023023,0.5211357433223536,-0.05404242117751763,-1.233933804687657,-1.442111588999948,0.0,-2.2088570965520495,-2.0435816257968047,-2.12191744167579,0.0,-1.5339615918701386,1.165176384575014,0.837650539840504,0.0,0.2765865980030244,-2.6606971509750097,-1.8156794925467123,-1.2862128528670078,-0.9187052706933463,-2.3463351947635527,-1.7140390189770998,-0.26374018851714165,-0.37655901377172707,-1.1908969286709477,2.0891832060991833,-1.3324272283470424,18.670530063241454,Pressure_Bar_mean,True,45.50976292759578
T030,16,8.7,60,28,12.0,160,1.1,2.2,200.5,93,0.71,8.1,90.4,98.8,34.68178638759256,12.930827852169534,21.16776347309048,63.2698981861212,0.9802416216021992,0.1311581817717698,0.6139039692118785,1.287401064142567,37.08396177382112,9.445565106723924,15.80426349953983,60.60105208747819,103.33327460058037,164.85852646692123,0.0,868.2634279331216,3.636498363252343,5.571454856485287,0.0,13.62140858650999,1.529824777862053,2.687106988039913,0.0,9.148236049477225,23.37381014129509,16.93870201704774,1.027870224262125,59.3345783023958,3.0099318026220905,2.312616370227413,0.0306962939230031,8.723469183712966,5983.695396171543,5,0.6578947368421053,54.206714774312005,25.663716814159443,100.0,40.0754338903349,53.38934434300613,2.806159623971166,2.724988822852462,-2.460935096744242,3.6913583036771356,-3.048905511115356,2.973746644058636,3.9901193756050652,-2.0,-2.3151450425267144,-2.85176423721084,3.388172094939621,-2.2699262667597053,2.7917532339246702,-2.5270158908559694,0.2928322547537486,-0.6517904806255979,0.5450887324295547,-2.2553837124661444,-5.902968926315591,0.7013454371707565,0.7267643817138627,-1.1503820997212197,-0.25597984530511286,0.3040101687190756,-7.807756587987264,-2.010814330986916,-1.0604071006404554,-1.4432921669186372,0.0,-0.8738309688867139,-1.219509569493279,-2.282763942127274,0.0,-2.5821147714376886,1.333318344558445,1.210066325142399,0.0,-0.8534482536561796,-0.0735367406691814,0.5239286023973998,-0.24064667521601524,0.15681891925474062,-0.4293963254035535,-1.5037299835885207,0.8373961282819122,-1.4566264818482357,1.7612140549343547,-0.6358383670736646,-3.3881720949396206,7.807756587987264,Humidity_Percent_min,True,44.80319222625289
T022,13,7.6,65,24,14.5,135,0.7,2.6,201.4,109,0.51,10.1,88.1,102.6,34.98992062787141,12.92902046968358,22.35604707192621,68.14537571056226,0.9759749650521672,0.1325448545149248,0.5180369826907989,1.316900963295087,36.32860964114188,9.688374727664494,21.79867657029268,69.05360017256183,110.1498873178822,176.98232696615213,0.0,859.4053545517731,4.422319978741544,6.740047847319029,0.0,16.07917860541359,1.5026648490900367,2.590923317448828,0.0,10.08034557346988,23.961304022233744,16.731389070743983,1.145539824144364,55.66142413873373,3.0988114984131854,2.414916740478565,0.010087846783909,9.225036755461058,5942.403397513968,10,0.8333333333333333,66.87742767446036,33.62831858407098,50.0,41.62300364883657,51.0017670098891,1.0644053746097528,1.1334024307439445,-0.9843740386976959,2.0805837711634774,-1.1822286675753415,1.3806680847415103,1.088214375165017,-1.0,-1.4872123783118527,-1.1824388300630302,1.1040111320589783,-1.4213556997467314,1.613582144378474,-0.5264616439283273,0.6996344830006592,-0.6575870416366821,2.1869464017804545,-0.9681920597123023,-10.933106269548924,0.9575692092995612,-1.5228801428364718,-0.5724711872222351,-1.3446085184719767,1.1216085547561128,2.3653929168333807,8.220108362726336,-0.5747241347505363,-0.85790060601233,0.0,-1.2278380108799158,-0.3834429365888292,-0.7781274900870244,0.0,-1.147572571681551,1.154852948061148,0.65229973009495,0.0,1.672790701183948,0.34490128143564114,0.0037990881590496788,0.08199940872928019,-1.2284772788984013,-0.039990001436661766,-0.287754455507666,0.20040269787812534,-0.7636632318807539,1.6678041175107612,2.0891832060991833,-1.1040111320589787,10.933106269548924,Pressure_Bar_mean,True,44.52960272612534
T035,15,8.3,62,26,12.6,152,1.0,2.1,200.7,97,0.66,8.4,89.9,98.6,34.69029380340938,13.04069494864899,21.56382925182432,64.26581443938474,0.978636850617024,0.1280864970116631,0.6234101174103656,1.56329567226075,36.55149110559668,9.402874640772252,20.0505271276428,66.88360078398631,120.35504565283487,195.1137619155348,0.0,890.9125470598746,4.523899499297704,6.080226319430553,0.0,15.02314374449145,1.4103965887102543,2.6380702502303803,0.0,8.870428406873213,25.781549240244253,16.841204862485316,1.330220100009976,57.118186642872,3.439201562058732,2.424079884140166,0.0187187485189141,9.002102735513644,6393.824211580575,6,0.7017543859649122,55.3908835282103,27.433628318583917,89.99999999999999,24.70434572672735,50.856876479532026,2.225574874184028,2.146230134813003,-1.8703106735256234,2.8859710374203065,-2.6009030686657524,2.4639615050771555,3.264643125495053,-2.2500000000000004,-2.1311600060345346,-2.4344328854238877,2.817131854219461,-2.142640681707759,2.5356290840233244,-2.632308219641636,0.30406383910404494,-0.2994293546307976,1.0923348923687584,-1.9924484242576994,-7.794899613777782,0.13377197046049866,0.9498386121694962,4.254467045924385,-1.0233872728758493,0.16026110339765076,-0.6014005668550214,5.593551759150212,0.15239236328896502,0.01756653873024675,0.0,0.03132609186827883,-0.27536847535048964,-1.6276889118045879,0.0,-1.7639551301612142,0.5485666867451828,0.9257035626051093,0.0,-1.6063731735651496,1.6413570122649621,0.27931702098717803,0.5883865116820329,-0.6790727429932607,1.4513522249208373,-0.17883834478938263,0.46717814517660466,-1.0716677594714348,2.68899929731673,-0.09083405243909509,-2.8171318542194608,7.794899613777782,Pressure_Bar_mean,True,43.14686968448058
T013,15,8.2,61,26,12.8,155,1.0,2.2,200.6,96,0.68,8.5,89.8,98.3,35.046427751092075,12.908233920782926,21.83942816563465,63.16135307627248,0.9802925008255974,0.1301512417838544,0.6161422568159189,1.343934794609126,37.094571055670585,9.449558469907306,18.36857786201674,62.85579703402418,123.599213331641,201.2735525707186,0.0,923.2867363776244,3.951986969152136,5.927172415632826,0.0,15.02659660171609,1.53176380956779,2.738602592752582,0.0,9.010990840538664,24.141195578804357,16.774255553377138,1.595672731673115,58.92442430187218,3.181812129157555,2.448400474031007,0.0278086103125214,10.06864690072089,5528.333787546197,8,0.6842105263157894,53.94658949959846,26.54867256637168,70.0,57.1417876053784,49.25741633028873,2.225574874184028,2.0015404628031357,-2.165622885134933,2.8859710374203065,-2.4515689211825507,2.6551309321952106,3.264643125495053,-2.0,-2.2231525242806245,-2.538765723370626,3.0455479505075256,-2.10021215335711,2.484404254043051,-2.790246712820133,0.7742358113606143,-0.7242527860759188,1.473131354381379,-2.2840410816456975,-5.842985311836933,0.5152871452741368,0.7792887348361053,-0.04287120309126034,-0.2406895350996379,0.31745678290571683,-3.4558453868527566,0.7183178797911998,0.3835389819148861,0.31498890779041705,0.0,1.3251391484902846,-0.8838487894189697,-1.8247553708604645,0.0,-1.7619397791070552,1.3460595437379397,1.5086879926664598,0.0,-1.2254154788172609,0.4730276663513421,0.11134723306082142,1.3162486966881728,0.0021331227249807927,0.32365852613105695,0.11024410978189206,0.7481397434341605,0.4018643279001592,0.7311040881212542,0.9991745768300441,-3.045547950507526,5.842985311836933,Pressure_Bar_mean,True,42.21055465052043
T017,14,8.0,64,23,13.8,145,0.9,2.5,199.5,105,0.55,9.8,86.8,100.4,35.48029090904035,13.452397267697368,20.19656901384431,66.62329055202875,0.9729717231594366,0.1263385949467151,0.6385431599639145,1.326789326806629,37.48803808005514,9.641260541691992,21.25080800119696,61.05889518926888,115.49538109755532,190.56078324246303,0.0,876.0335355987842,3.047264356930326,5.733942941603726,0.0,15.24090811403133,1.6675603310759022,2.6715903785533404,0.0,9.13031681502227,21.121259893609963,15.681414572503446,0.9001446803451785,57.38167141506993,2.714460976511341,2.305014771938685,0.0064557575549115,10.09375653356986,4667.798436487802,9,0.7982456140350878,58.77225892606147,16.814159292035313,60.0,89.39351987107531,49.49250334514271,1.6449901243968905,1.712161118783406,-1.2796862503070052,1.6778901380350628,-1.704898183766545,2.0178995084683606,2.539166875385041,-1.2500000000000002,-3.235070224987666,-1.5997701818499828,1.5608433246351074,-1.5486412847986768,0.9476593546349764,-1.6846772605706413,1.3470267457529566,1.0209649887446257,-0.796815736256849,-1.3700430170848232,-14.473751976144092,-0.1891982924248454,1.3049552957724895,-0.3787555019403482,0.32638304755310243,0.9629637602815366,1.4356023273932448,-1.4566432889390524,-0.19385824420814493,-0.2022717283520674,0.0,-0.5633037568993206,-1.846418885740279,-2.0735503854748485,0.0,-1.6368512208021104,2.238366009536516,1.1200859117643225,0.0,-0.9020136496271527,-1.6778984215553698,-2.6304923802199975,-0.59086581937753,-0.5797018925105949,-1.723935052287626,-1.5940850572867078,0.08813722916540292,0.4365556711300832,-1.2155818536213587,1.5441788914646135,-1.5608433246351059,14.473751976144092,Pressure_Bar_mean,True,42.14244897338254
T044,15,8.5,61,25,13.0,155,1.0,2.2,200.4,95,0.64,8.6,89.1,98.9,35.19119578041219,13.4293073126776,19.27682640919878,64.83834621799093,0.9782455002636186,0.1269794952629852,0.6901327919112005,1.350996198784996,38.532791508543504,9.461752683128791,21.35289982008276,60.58517158757567,119.86517470353898,197.0448701484843,0.0,866.0959445157475,3.180153659492201,5.586269096601894,0.0,14.66131596967664,1.5354610248446212,2.7109663020267574,0.0,8.9910028585357,22.101390379906555,16.848914193369694,1.253667908858273,58.81101004486355,2.9119426473385897,2.4474065323873937,-0.0038666933468347,10.78245213195103,4840.204493199535,9,0.7192982456140351,54.54017531232118,24.77876106194685,60.0,82.93196779745915,49.54289522325844,2.225574874184028,2.4356094788327325,-2.165622885134933,2.4832774042918917,-2.30223477369935,2.6551309321952106,3.264643125495053,-2.0,-2.4071375607728043,-2.643098561317364,2.5887157579313964,-2.057783625006462,2.1258304441811657,-2.474369726463132,0.9653601630491504,0.9469118571825691,-2.067628908083516,-1.8412923328463895,-8.256278682814273,-0.07077532824394983,2.5155736456906803,0.09546359289236012,1.8321026840458614,0.35851763136080583,1.6088628825945082,-2.030036010083527,0.11748910775363906,0.11080912077677917,0.0,-0.9604530096082954,-1.70503271163668,-2.2636896828568833,0.0,-1.9751454400858413,1.3703536056205836,1.3484258641455162,0.0,-1.2795876736771974,-0.9798079811318594,0.2986590379691707,0.3784829791022745,-0.040640017755945244,-0.8587136898245071,0.09842979560094815,-0.23092288078361925,1.3880540673067125,-0.8255683039639016,1.5441788914646135,-2.588715757931396,8.256278682814273,Pressure_Bar_mean,True,41.90479536598473
T050,16,8.8,60,27,12.3,162,1.1,2.1,200.8,94,0.69,8.0,90.2,98.4,35.44950510001068,12.692660017761822,21.90723077921156,64.89796458708906,0.9808380429618908,0.1299001123062277,0.5212357475127116,1.336951656956621,35.77609414410694,9.772366688368574,21.33950686527908,66.08981310316987,112.60373665927034,180.94254363900856,0.0,842.0962082214593,4.48097654073634,5.949097432000474,0.0,14.21604212521826,1.614755070857902,2.7045308179061984,0.0,9.344715192577087,26.62994309570095,16.949578352508365,0.7331476589439514,67.99762095683379,3.39568029577332,2.364375419335808,0.0013155949709221,9.15996374858512,6577.595944638134,6,0.6754385964912282,53.91351384076364,28.318584070796504,89.99999999999999,17.816823063903797,49.84266306393479,2.806159623971166,2.8696784948623293,-2.460935096744242,3.2886646705487212,-2.8249042898905534,3.101192928804006,3.9901193756050652,-2.2500000000000004,-2.0391674877884185,-2.747431399264102,3.1597559986515567,-2.3123547951103536,2.6893035739641307,-2.7376005484272956,1.3063829805540015,-1.4156323313414412,1.5668145805172575,-1.825552281401334,-5.199823191826056,0.4688844577129385,-1.4478169325690051,-0.17967273695414473,-2.1409049561450986,1.4044296853428246,1.5861336295515507,4.63275504839426,-0.3998876176417645,-0.6666835516078405,0.0,-1.9195865918663915,-0.32103590512251984,-1.796525543112819,0.0,-2.2350412462069307,1.8913874964095565,1.3111066597177035,0.0,-0.3209429500021943,2.2456190452175275,0.551216348679969,-1.0487660335327356,3.4240055166358814,1.260673620907382,-0.8885050638934228,-0.07074178656583908,-0.8535677729035016,3.1047240537637775,-0.09083405243909509,-3.1597559986515558,5.199823191826056,Pressure_Bar_mean,True,40.88828776432006
T054,22,11.3,50,39,7.3,228,1.9,1.1,206.4,63,1.18,4.0,97.4,93.4,35.455311956653105,12.860060709776562,23.07423031631622,70.16672803230335,0.980731804947564,0.14518574091403,0.62638030048361,1.362345975547428,37.01677289856864,10.469653274343829,17.34733324917325,68.75174030428475,116.1434496835016,184.60537412758188,0.0,864.0342619170585,2.29535197142998,3.412650561923296,0.0,8.731616481777257,1.8851589027374616,3.101056175005739,0.0,9.688221547975662,25.156598817613435,16.748528322936885,1.232588074119541,59.88451299088584,3.215012097051814,2.337225784201876,-0.02418562139769,8.956813434290774,6691.655285485173,6,0.2456140350877191,35.63553748751601,77.87610619469021,89.99999999999999,13.542029101196553,56.97124976353312,6.289668122693992,6.486920295108961,-5.414057212837334,8.120988268089697,-6.558257976970582,7.306920325401218,9.793929376485158,-4.750000000000001,3.1124135339929055,-5.981749375612984,8.755950357709132,-4.0094959291363015,6.377491332543511,-5.369908768068932,1.3140492568467956,-0.878751880135091,3.179263950349147,-0.4345278549700155,-5.325071567660867,3.2933009904415464,1.0195378520237426,0.31780875453256674,-0.35281380254601397,3.7523613080283296,-5.189004914703693,7.854738660526448,-0.14768342307982055,-0.4898256383505934,0.0,-1.04284679061123,-2.646408150470635,-5.062359284472724,0.0,-5.436170711709383,3.668186230892813,3.6105468549215303,0.0,0.6100411392129189,1.1962408548993715,0.04679992856214097,0.32068278146862506,0.3642217124003085,0.46911669110845594,-1.2112144718665965,-0.8589674682231654,-1.134239231655681,3.3627468242150678,-0.09083405243909509,-8.755950357709137,9.793929376485158,Lubricant_Conc,True,40.87911502872009
T039,14,8.1,63,24,13.6,143,0.9,2.4,200.2,103,0.59,9.2,88.3,100.1,34.119911933920875,12.764903036229851,20.00182558352327,65.8466452813443,0.9836180867970248,0.1263393331660138,0.6260686511048914,1.368254824692604,37.49878384466111,9.29478308887246,22.18082203640943,62.42529348465027,113.63966711970004,195.493037245388,0.0,877.2040850557573,4.127841694663118,6.253784823692728,0.0,15.67760753137457,1.3524427583729672,2.5840820803180486,0.0,9.225663917021905,23.606823824391807,16.875605603045702,0.5936951517572393,57.26323804459033,3.1384335464241877,2.470364819198358,0.0419008010975231,9.521394887122405,6184.987841990654,9,0.763157894736842,59.03847808750239,23.008849557522023,60.0,32.53125797509728,45.771171899767296,1.6449901243968905,1.8568507907932708,-1.5749984619163142,2.0805837711634774,-1.8542323312497468,1.8904532237229905,2.539166875385041,-1.5000000000000007,-2.5911225972650103,-1.808435857743459,2.0176755172112353,-1.8032124549025697,1.7160318043390137,-1.8426157537491454,-0.44896060650634784,-1.1839375642241754,-1.065893753441957,-1.57508781619717,-1.9223148789462388,-0.18906188725332274,1.0122245907660756,0.4335646892783909,0.34187005945001553,-0.2037091463608594,3.013933968894515,0.19723849773051166,-0.32607767722954817,0.0358796557573783,0.0,-0.516523522312154,-0.6967500060051612,-1.4042214991786253,0.0,-1.3819601048842516,0.16775739241678803,0.6126275745523565,0.0,-0.6436002796287059,0.09242547245645902,0.365625381348313,-1.431140116432436,-0.6243679453223513,0.13360505789240038,0.37131947195556253,1.1837200125081098,-0.35421631856738606,2.2165738190313204,1.5441788914646135,-2.017675517211236,3.013933968894515,Humidity_Percent_min,True,40.35668534384009
T023,20,10.5,54,36,8.2,205,1.6,1.4,203.7,74,0.92,5.2,94.9,95.1,36.877457432308304,13.767714733570523,21.81405389779769,68.16528399185964,0.9737040886240476,0.1456450855405508,0.5607538699185183,1.351549269398675,37.63085849287827,10.263557538700455,16.2131316061627,62.89238963004816,125.63978320503703,199.405311556093,0.0,938.1510675317272,1.834109539283779,3.4290502265929828,0.0,9.83305980347508,2.0991198213383835,3.0885115189222727,0.0,9.186434694437516,22.210360529229888,15.68279142711216,1.210146810611923,57.84774982143578,2.9002982691762456,2.3603947226763373,0.0323337183989005,9.70324997911328,4819.648234842885,9,0.4736842105263157,43.95878436286728,53.98230088495559,60.0,83.70238930319714,54.1484429409533,5.128498623119716,5.329402919030038,-4.232808366400097,6.912907368704452,-5.8862543132961775,5.841288050829462,7.617500626155124,-4.000000000000001,0.6286155413483204,-4.834088158198865,5.786541105964298,-3.5003535889285176,5.096870583036782,-4.474923973390782,3.191581425502382,2.032237889195461,1.438071595673025,-0.9629360056379693,-13.610336130683914,3.3781768297448242,-0.5204723803212429,0.10629839410218936,0.5322186966315013,3.0583874029647364,-7.1138644041599965,0.7626093783210074,0.5289293787759375,0.22478183750991884,0.0,1.9191823085019346,-3.137142179156097,-5.041243692083588,0.0,-4.7932843092135275,5.074103768216479,3.5378007217503056,0.0,-0.7499208221292009,-0.9021948259472117,-2.627037975989215,0.25914959195524534,-0.4039247223696682,-0.9097309042143552,-0.9358209212138441,0.8880078326422272,-0.10296623250236302,-0.8720702624348718,1.5441788914646135,-5.786541105964298,13.610336130683914,Pressure_Bar_mean,True,39.60308881000133
T004,20,10.0,58,35,8.5,200,1.5,1.5,203.2,72,0.95,5.5,93.8,95.9,37.00982958005369,14.190071782179444,21.66285836177271,68.03669402634078,0.9695391587972652,0.1294795537891184,0.5783125450521527,1.321824928516851,37.631641391418746,10.532312283447306,13.29186137831339,60.46808860556018,103.50751932605098,162.37546979073912,0.0,854.0395956374562,2.006841871042796,3.718109353367542,0.0,10.45742761432978,2.0221534184059635,2.9990614708201604,0.0,9.371258589782164,21.30587702602001,15.723250490607258,1.148982187514158,56.2957512870267,2.7026675812434213,2.2235182239809497,-0.0216062440061634,9.715948077107466,4942.963470036642,8,0.4473684210526316,42.46387097864558,49.557522123893705,70.0,79.08069660357833,53.76087468898418,5.128498623119716,4.605954558980711,-3.0515595199628605,6.510213735576038,-5.662253092071376,5.5226723389660375,6.892024376045112,-3.750000000000001,0.16865295011784462,-5.042753834092341,6.129165250396392,-3.3730680038765715,4.5333974532538175,-4.053754658248113,3.3663405973877265,3.3868036326117092,1.2291639320164176,-0.9968854863635012,-18.520543645157368,0.3911753585858677,-0.10843504811561266,-0.4760093918882715,0.5333470257411609,3.963349260298236,-12.071567255318383,-2.1717526765481385,-1.0479921815938675,-1.5631852997346454,0.0,-1.4422770157887732,-2.953365433695116,-4.669062015185439,0.0,-4.428855592957975,4.568364606247193,3.019082227746707,0.0,-0.24900401762648963,-1.5464062814008235,-2.525529828922461,0.09143825327275008,-0.9892466482843314,-1.7756051514873723,-2.562779576147042,-0.7792406240876044,-0.08542260378691699,-0.5931089920360213,0.9991745768300441,-6.129165250396394,18.520543645157368,Pressure_Bar_mean,True,38.47515851972484
T007,14,7.5,67,22,13.5,140,0.9,2.6,198.9,102,0.58,10.3,86.4,100.8,35.07193629218222,13.586413164777095,21.99454439317157,70.41719226580292,0.975896323319498,0.1359481584296859,0.6149891296898545,1.386445755918788,38.42017765071368,9.540975119362503,20.96703504863116,61.8730986539593,121.6593084561886,207.80072504788112,0.0,891.3417789105021,3.0830529793319763,5.673928905769079,0.0,15.41166874041835,1.4867449071757226,2.623063458425936,0.0,9.376043616400702,21.043835142202667,15.843821144372685,1.093350386460917,55.81905168534993,2.8458974171290543,2.466661430750724,0.012123837072855,9.443567464781578,4861.125917848816,10,0.7719298245614035,57.31616011766183,11.50442477876119,50.0,82.14786033972872,44.59257751466596,1.6449901243968905,0.9887127587340797,-0.39374961547907755,1.275196504906648,-1.9288994049913473,1.6992837966049352,2.539166875385041,-1.0,-3.787025334464232,-1.912768695690197,1.9034674690672029,-1.3364986430454333,0.7427600347139042,-1.4740926029993149,0.8079124691231819,1.4507751312657375,1.6874562580254264,-0.368401928010482,-11.02582025099949,1.5864179200319968,0.7522290950226553,0.7899298961483329,1.6698013290544678,0.6252786260516164,0.9540097781641222,-0.4711354136391314,0.24532095596445924,0.6301501218794513,0.0,0.048480058789557356,-1.8083419577990574,-2.1508222043708654,0.0,-1.5371822840322458,1.0502444724719435,0.838679568657776,0.0,-0.2360354550997171,-1.7330436084108725,-2.22302891572563,-0.06110227351254739,-1.169029504227835,-1.1480759573539947,0.3272997903821286,0.2633338071301308,-0.46174229624159163,-0.7782402735745734,2.0891832060991833,-1.9034674690672035,11.02582025099949,Pressure_Bar_mean,True,38.07485129191229
T055,15,8.6,62,26,12.7,157,1.0,2.2,200.1,99,0.67,8.3,89.6,98.7,35.778068161334346,13.636993271231322,21.04009593553071,64.85701503903735,0.9776807772433468,0.1332107313642814,0.6211982800202076,1.384667919797437,37.95853118306275,9.9963135535076,15.96877417878289,61.96099170606304,135.89232104868586,219.9670868718767,0.0,880.4168506468586,2.8978708874661527,5.334831145333215,0.0,14.07070822356894,1.683944411627866,2.7732148857410257,0.0,9.356401113788904,22.1989660846666,15.720963441098656,0.9633498889961744,53.08091851043133,2.9720354269975773,2.542577741934252,-0.0064126801018881,10.6185949655326,4839.374606457319,10,0.6929824561403508,55.50370043259558,22.12389380530979,50.0,82.96307086020714,47.13495540065189,2.225574874184028,2.580299150842597,-1.8703106735256234,2.8859710374203065,-2.526235994924152,2.782577216940581,3.264643125495053,-2.0,-2.6831151155111006,-2.2257672095304115,2.931339902363493,-2.1850692100584075,2.3819545940825115,-2.579662055248799,1.740155564039477,1.612993519065589,0.36868982742486694,-1.8363635129518787,-8.922053937874644,1.0806072360853292,0.8979349479933991,0.7551016111480493,1.0044671626327624,2.1585126363661553,-7.5285646612171835,-0.3647500949948363,1.2594216620126157,1.2175967347754226,0.0,-0.38812747109879575,-2.0053644944266327,-2.5874317469225403,0.0,-2.319869205441361,2.3460242974684977,1.7094037762117222,0.0,-0.289271318473285,-0.9103104319147615,-2.531267830196176,-0.41755926376250385,-2.2016911645459665,-0.5954307407136109,1.2296657970222762,-0.30961764249555673,1.1616698252472866,-0.8274456572327988,2.0891832060991833,-2.9313399023634936,8.922053937874644,Pressure_Bar_mean,True,37.91121779531238
T006,16,8.8,62,28,11.8,160,1.1,2.3,200.1,92,0.72,7.9,88.7,99.1,35.68251414648584,13.653821733417615,21.41382428168023,64.72141394581676,0.979221346720696,0.1357909802358745,0.545911948585474,1.46356791339347,37.52854735696412,10.137187553960452,19.87047163713706,63.71712468887421,104.11926107589878,172.75622106298636,0.0,845.7751720537685,2.7849639365100614,5.0240890848445785,0.0,13.25907281751367,1.6900234396232914,2.7392380411293584,0.0,9.422052951919854,21.359470254016056,16.183577671971626,1.075513316799509,59.45590946364415,2.7817385840326443,2.4091628198566557,-0.0292451970762296,9.309200972390542,5147.632331217869,9,0.6491228070175439,51.62262177220174,22.12389380530979,60.0,71.40997708482367,46.427214558956,2.806159623971166,2.8696784948623293,-1.8703106735256234,3.6913583036771356,-3.198239658598556,2.973746644058636,3.9901193756050652,-1.7500000000000009,-2.6831151155111006,-2.956097075157578,3.5023801430836534,-2.3547833234610023,1.9209311242600933,-2.3690773976774726,1.6140040979669903,1.666965054445446,0.8850722398225691,-1.8721640257063386,-7.105813055349928,1.5573751701015952,-0.8687575228123775,2.3007735830928246,0.38476583150837873,2.6328692741248547,-0.9069736734225045,1.7608646434445154,-1.004405643859277,-1.0619559871089186,0.0,-1.7725592363899678,-2.1254906559583455,-2.987531555034275,0.0,-2.7936015855449687,2.38596903188325,1.5123729412160936,0.0,-0.11133919067692544,-1.5082349147730578,-1.3706103822471682,-0.11001091840530035,0.20257784711505997,-1.4291734017557067,-0.356147430524124,-1.0153555961644818,-0.6473823704782644,-0.1301111683162514,1.5441788914646135,-3.5023801430836534,7.105813055349928,Pressure_Bar_mean,True,37.467755276625795
T008,22,11.0,52,38,7.2,220,1.8,1.2,205.1,65,1.15,4.2,95.7,94.2,36.541462566578886,13.014193494049495,22.53044533934087,69.2323690933862,0.967849952337397,0.1411120143731677,0.5708640332470121,1.383742957452348,36.152988739423456,10.500522059008745,15.94044827410137,61.24468837300648,110.72567031624844,171.1330570551717,0.0,908.8274273385442,2.075769472388492,3.2925988842416394,0.0,9.672543787339748,2.048696314695692,2.972257990684061,0.0,9.835457242682429,23.881875776795457,15.77097328812908,0.9034665108494891,58.68116914316758,3.054500158149944,2.24120084199349,-0.0342114823830512,9.95915687030524,6018.232695752456,7,0.2719298245614034,35.75568037332741,66.37168141592902,80.0,38.78102136225712,54.091878710335386,6.289668122693992,6.0528512790793645,-4.823432789618716,7.718294634961282,-6.632925050712184,6.797135186419737,9.068453126375147,-4.500000000000001,1.916510796793658,-5.773083699719508,8.413326213277035,-3.9246388724350045,5.5066692228789345,-4.948739452926271,2.74799729173473,-0.38442370400749537,2.4279134008678938,-0.6812111841046284,-20.512018795448054,2.5405743027112297,-0.283224142949616,0.7369813514782174,-1.5977168913046027,3.856303929507639,-7.576636700928689,-1.231760131729607,-0.5336996544179944,-1.1403296383581156,0.0,0.7472824293341501,-2.880030638067993,-5.2169333164798255,0.0,-4.886973709406306,4.742775538996533,2.8636495460964824,0.0,1.0090849617864062,0.28832912128420046,-2.4057976272646315,-0.5817574718959504,-0.08960831570096782,-0.2341301362376616,-2.352598217830709,-1.1688601806003998,0.2505934491800067,1.8393436465626642,0.45417026219547446,-8.413326213277038,20.512018795448054,Pressure_Bar_mean,True,37.27576531658997
T041,16,8.9,59,29,11.8,168,1.1,2.0,199.6,91,0.73,7.8,90.7,98.2,34.74722382618566,12.786566925722829,21.48417493713711,64.9261391669674,0.9771643048633704,0.1320542248160083,0.6098312555897927,1.303459720469962,36.77358819964589,9.37678062240618,16.64612585214154,63.62866012784534,112.76481744074488,184.8656316725821,0.0,885.0260717771358,3.6252904145344615,5.498962853212628,0.0,13.94075018090576,1.5187056459734898,2.7058874935280794,0.0,9.2388989047714,23.655458945859483,16.661669862547683,1.1113766469709,57.85691742388403,3.10784964504474,2.4224935846448465,-0.0016096519578859,11.30821161711792,6126.763866977606,7,0.6403508771929824,52.52359437396056,17.699115044247904,80.0,34.7134159204459,45.79051385490318,2.806159623971166,3.014368166872194,-2.7562473083535513,4.09405193680555,-3.198239658598556,3.483531783040116,3.9901193756050652,-2.5000000000000004,-3.1430777067415763,-3.0604299131043167,3.616588191227686,-2.3972118518116514,2.9454277238654765,-2.8428928772129627,0.3792234841294688,-1.1144580499767072,0.9822761087633749,-1.8181138133010424,-9.530944523466435,0.8669126410534839,0.6311928170650423,-0.8357887282764335,-0.7032964776709587,0.0723962683113055,-6.379027624131989,1.6537875732037925,-0.3884106282719787,-0.47725923472864396,0.0,-0.20392299818737397,-1.2314341485092064,-2.376101923324341,0.0,-2.395722639637456,1.2602555505483681,1.3189739862352943,0.0,-0.6077303086017065,0.127065465641149,-0.1711201271565796,-0.011674873678228559,-0.4004672457019642,-0.00039140218470392257,-0.19769361737324267,-0.1611592286653344,2.114440743926747,2.0848607017365244,0.45417026219547446,-3.616588191227686,9.530944523466435,Pressure_Bar_mean,True,36.99505339079489
T025,24,12.0,48,42,6.0,250,2.2,0.8,208.1,52,1.42,3.5,98.6,92.4,37.17765674788798,13.531742143930265,20.23148467138821,72.1361894532168,0.9772583048060416,0.146824978919606,0.5274757234355388,1.389169208403015,36.434057492440765,10.933448995094114,14.03063679677647,62.51789587883297,114.12126879917564,169.95020220044853,0.0,895.278776626801,1.2389565163301797,2.4523943429740043,0.0,7.449259185996621,2.338793078595076,3.125176592945058,0.0,9.528268133082753,22.239119320278306,15.21872321446536,0.9442566940875992,60.15522652592813,2.766015985713677,2.221888674276695,0.0325927583769383,10.8256552456528,5359.627756187072,10,0.0350877192982455,27.03439433549159,92.9203539823007,50.0,63.4646675989901,55.03633068878585,7.450837622268267,7.499747999178017,-6.0046816360559525,9.32906916747494,-7.52892993561139,8.708829457600288,11.970358126815196,-5.500000000000002,4.676286344176513,-7.129410593027104,11.496943513165904,-4.221638570889545,6.992189292306735,-5.8963704119972595,3.5879078784973246,1.2754365350694092,-0.7485725894398374,0.08543645390271169,-9.420124114945668,3.596192748629539,-1.301387716657149,0.843283058549663,-1.1926349561009715,5.314073036202112,-10.817787661919853,0.3093239809007116,-0.2917636063316108,-1.1974431853664091,0.0,0.20581956771884655,-3.7703489708195654,-6.298749132488687,0.0,-6.184652319757935,6.648974720388671,3.750420528929376,0.0,0.17652926398680993,-0.8817115970407265,-3.791343333281161,-0.46991216182131573,0.46631882408505065,-1.4980584171701112,-2.5821489348043047,0.8960145865285499,1.447743273239925,0.34946066216546173,2.0891832060991833,-11.496943513165908,11.970358126815196,Lubricant_Conc,True,35.400063063229254
T029,22,11.2,51,39,7.5,225,1.9,1.1,205.9,61,1.21,4.1,96.8,93.6,35.57472138931158,13.04749133627172,21.91944286528083,71.27222522543538,0.9782140556271608,0.1420534976955727,0.6195390528311016,1.411182569338653,36.38412584730335,10.547656711117495,16.02034144357651,64.33842713488251,101.23317332379077,157.55174346891587,0.0,890.19888665511,2.46458491912221,3.590723340262646,0.0,10.10351735769963,1.886357800592498,3.034228599992176,0.0,10.43478505879717,24.626483392576965,16.52272149158292,1.186438261577464,60.71235558903637,3.104913948214975,2.277773455953769,0.0258078435700768,8.734227956411074,6599.8975492106265,8,0.2192982456140351,33.81260475798952,73.45132743362832,70.0,16.980988279332987,51.2585389612176,6.289668122693992,6.342230623099094,-5.1187450012280244,8.120988268089697,-6.408923829487382,7.115750898283163,9.793929376485158,-4.750000000000001,2.65245094276243,-6.19041505150646,9.09857450214123,-3.9670674007856532,6.070142352661892,-5.264616439283272,1.4716949090638478,-0.27763226640165684,1.5836880837712348,-0.1426617245225207,-8.293350061359945,2.7145377771169636,0.8589990066812487,1.2745306855232421,-1.2645974464988943,4.015017638384785,-7.4410495887475,2.5128860730230462,-1.2100391039654308,-1.796096479780546,0.0,0.00280512596497704,-2.466354537838136,-4.833079462064831,0.0,-4.635424634877103,3.6760640785431082,3.2230154918374527,0.0,2.63340617814193,0.8186701990397579,-0.5197290779368168,0.1941415481644222,0.6764349092305241,-0.013253495158639633,-1.9178842137223389,0.6862973706388845,-1.441762215267847,3.155174299702167,0.9991745768300441,-9.09857450214123,9.793929376485158,Lubricant_Conc,True,35.04031798748275
T060,24,12.2,48,43,6.2,245,2.2,0.7,208.9,50,1.46,3.4,98.4,92.1,36.38394409790615,13.925388883849855,21.35914718253232,71.06540262308862,0.9857979294678654,0.1481409914018997,0.6336649864417656,1.443118774686559,37.601243894036,10.821435678187513,14.90731585171726,61.59695503578224,104.6068127268976,158.15756081807805,0.0,914.040446329541,1.187516037995583,2.519618587344911,0.0,8.450312480716725,2.2862934437266653,3.235727227843169,0.0,9.557680814778928,20.062614529548917,14.57975955421466,0.9459771486229172,59.20567189931626,2.5740824479692264,2.1677607818618525,0.0198009790563651,9.360268267946577,4855.152716150837,12,0.0,24.693251533742355,100.0,29.999999999999982,82.37172807705677,54.11447342120262,7.450837622268267,7.789127343197746,-6.0046816360559525,9.731762800603354,-7.3795957881281895,8.390213745736864,11.970358126815196,-5.750000000000001,5.412226490145285,-7.33807626892058,11.953775705742032,-4.264067099240194,6.889739632346203,-6.0543089051757635,2.5400396691475104,2.5379237852734304,0.8095246056872345,-0.19726567377815782,0.647591531938067,3.839360203998061,1.1904825585753556,1.900169487843918,0.4895375416453217,4.936897260535841,-9.32997109199211,-0.8053782930044107,-0.969667638092776,-1.766844896197274,0.0,0.9556172842635449,-3.8250785260627445,-6.212193719838844,0.0,-5.6003612003953815,6.304004443352902,4.391500774968233,0.0,0.2562446411550597,-2.43191048299231,-5.394445619692181,-0.4651947333692618,0.10820305883965561,-2.338971886931509,-3.225530697758387,0.5006291731888467,-0.5768280502054761,-0.7917527315559318,3.1791918353683224,-11.953775705742034,11.970358126815196,Lubricant_Conc,True,34.53193773477027
T058,17,9.2,58,31,10.8,174,1.2,1.9,199.8,87,0.76,6.9,91.4,97.6,35.63102846834784,13.54917408070482,21.75920533333814,65.81904662684107,0.9764262611851756,0.1423780041689045,0.6480593727463227,1.538990777284416,38.04218548072244,10.177629439276092,16.2654921373489,61.2499781021715,100.54431127267416,162.92301493884898,0.0,873.2148235268779,2.6005163635246946,4.707502786494668,0.0,12.94978430050399,1.7843743227217277,2.9051686929876066,0.0,9.454320083698375,21.330392890422356,16.324867439878503,0.9545191319224068,62.59586327125963,2.70217780358321,2.302488727813864,-0.0627435653084649,10.12178889811704,4884.659971906719,9,0.6140350877192982,50.62491656294941,19.46902654867273,60.0,81.26583497067399,46.217258086848986,3.3867443737583036,3.448437182901788,-3.0515595199628605,4.8994392030623795,-3.944910396014562,3.865870637276226,4.715595625715076,-2.750000000000001,-2.9590926702493703,-3.477761264891269,3.9592123356597826,-2.7790686069674893,3.304001533727362,-3.1587698635699635,1.5460321368814984,1.3313435087401013,1.362287047018954,-1.58237423225092,-10.401054649062747,2.7744987686975087,1.528265704884945,3.778327654350725,1.1250314175358993,2.7690468276924536,-7.025003075182191,-1.2253574695248874,-1.2591204553565882,-1.5367473598379076,0.0,-0.6759517199323558,-2.321731708957724,-3.3951561843536,0.0,-2.974125973969361,3.005940015731396,2.474600460006141,0.0,-0.02388757349926102,-1.5289450445376962,-1.0161270773763926,-0.441772902552597,1.3867824511847058,-1.777751001746269,-1.6241104406855504,-2.0507679369954555,0.4752850458645492,-0.7250020049428632,1.5441788914646135,-3.9592123356597835,10.401054649062747,Pressure_Bar_mean,True,34.245324776200114
T018,21,10.8,53,37,7.8,210,1.7,1.3,204.3,68,1.08,4.6,96.4,94.8,36.1283408333564,13.1276380854216,22.51297239427383,68.28906769282419,0.9730776517409262,0.1399284919240365,0.6410726906294604,1.39266091723168,36.52515547316676,10.04037032241385,17.87088000842677,65.06276367911066,127.59925849125408,203.3070460411111,0.0,913.0661689926118,2.254607971544762,3.569212030992408,0.0,10.63544715173369,1.9256666849960165,3.0219174876262183,0.0,10.22985946944027,24.235972470020457,15.95525980988921,0.7843400450934626,62.41443833943723,3.206484944598739,2.3602681557770886,0.0248029882538322,8.999858856006256,6107.465062445155,9,0.3333333333333332,40.373912381817874,59.29203539823007,60.0,35.43670971199448,49.480846543395614,5.709083372906854,5.763471935059634,-4.528120578009406,7.315601001832867,-6.184922608262579,6.159903762692887,8.342976876265135,-4.250000000000001,1.1805706508249123,-5.460085185879294,7.6138698762688115,-3.7549247590324097,5.865243032740819,-4.632862466569279,2.202589415414184,-0.020588987019510962,2.403770941195328,-0.9302554434100027,-14.348868403440628,2.3218878189590764,1.3643140491654118,0.911686568165803,-1.0613427155744772,2.306862372312464,-4.300490994861081,3.3896194691107064,0.6685417945117383,0.41317510912236444,0.0,0.9166809350960647,-2.6897573001041524,-4.860776616089364,0.0,-4.324949801601265,3.934359146244773,3.1516236725878004,0.0,2.0780089921337197,0.5405317820339522,-1.9434393387314688,-0.9083982330516852,1.3183597122781545,0.4317568975009052,-0.937325336611107,0.6552379593870833,-1.0747678921824781,2.041203330276358,1.5441788914646135,-7.613869876268814,14.348868403440628,Pressure_Bar_mean,True,34.12418112092321
T019,16,8.6,62,27,12.2,165,1.1,2.0,200.9,89,0.75,7.6,91.1,98.9,35.00647055969783,13.25267038978565,21.54995214387788,65.66018912927369,0.9718280921245684,0.1243231111380095,0.640053076249357,1.308840110445459,37.21871874567335,9.752265734890466,19.23132213782963,61.99523375008705,109.04424655409755,185.0829869558005,0.0,886.6887205948101,3.637253884159195,5.580479834516121,0.0,13.98154024615221,1.5510319867770808,2.663875397660524,0.0,8.830429765942583,23.54999969717781,16.558745506409508,1.43498296286635,55.38460388692859,3.0565132644206883,2.4410219868340595,0.0133876794048895,10.18941777503969,5958.149923385986,11,0.6228070175438596,53.36611098046056,29.20353982300909,39.99999999999999,41.03284458574339,42.21079079766129,2.806159623971166,2.580299150842597,-1.8703106735256234,3.2886646705487212,-2.899571363632155,3.292362355922061,3.9901193756050652,-2.5000000000000004,-1.9471749695423286,-3.269095588997793,3.84500428751575,-2.482068908512949,3.1503270437865485,-2.474369726463132,0.7214838858395926,0.3804093551882388,1.0731608196704614,-1.6243147486046572,-15.82202576099506,-0.5616112259596301,1.340387460977017,-0.7303854499715238,-0.061765389396811844,1.3367449409828414,-1.991677602838091,-0.3233036930627821,-0.6535009272182587,-0.46676434506739356,0.0,-0.13747633823333796,-1.2187057409802549,-2.271143719320387,0.0,-2.3719144438027038,1.4726689658134229,1.0753469389532646,0.0,-1.7147790231554352,0.05195292257854762,-0.42934806861377,0.8756427569427857,-1.3328774824594563,-0.22531016553830369,0.022541007205439487,0.30239833524030485,0.5687207641679387,1.7034255948953234,2.634187520733753,-3.8450042875157506,15.82202576099506,Pressure_Bar_mean,True,33.28388867881282
T027,18,9.4,56,31,10.5,180,1.3,1.8,199.1,80,0.86,6.3,93.2,97.1,36.17544288091087,13.383936849953365,22.55269536986243,66.50904110874627,0.9821450536859352,0.1443067504121273,0.6170233319994918,1.334935985267226,37.84818656876363,10.414342850360734,18.13127084100229,63.14420704348636,106.59737551559996,173.2496438781628,0.0,921.9843205274542,2.809409156204308,4.694372233548162,0.0,12.64776565238199,1.937430502973539,3.0423279730817767,0.0,10.80870197727893,22.60335157430309,16.115775401453583,0.9245205326767576,59.55763387602469,2.899559361275042,2.286666255000564,-0.0234183997855837,9.28861737511281,4746.703830603649,9,0.5263157894736843,48.14611520254059,13.274336283185662,60.0,86.43624955996765,43.8843719219687,3.9673291235454413,3.73781652692152,-3.642183943181479,4.8994392030623795,-4.168911617239364,4.248209491512337,5.441071875825089,-3.0000000000000004,-3.603040297972052,-4.208091130518436,5.101292817100104,-3.033639777071382,4.226048473372205,-3.422000685534127,2.264774058973471,0.8014016194071844,2.458656384521721,-1.400206407027193,-3.658934354412426,3.1308846862525117,0.7999643191469354,-0.21916028432825777,0.8454362870205078,3.5661178090910663,-3.8585803627092665,1.067407938930627,-0.827840240952669,-1.0381313166203827,0.0,1.2730889607446492,-2.09948242187884,-3.4120625912495224,0.0,-3.150407111957034,4.011658113311421,3.269983544963762,0.0,3.64681014090398,-0.6222899606529491,-1.5407201735437313,-0.5240280523970721,0.2409422705645873,-0.9129682623870712,-1.812181507168136,-0.8352531571313595,-0.6758205655870232,-1.0370836417070444,1.5441788914646135,-5.101292817100103,5.441071875825089,Lubricant_Conc,True,32.11134289175987
T043,20,10.3,54,35,8.7,200,1.6,1.5,202.9,77,0.91,5.6,94.5,95.8,35.95890446993872,12.801762171270418,21.77235839119139,66.91910530667802,0.9817017078549344,0.1430417274815061,0.5555432596465931,1.402120160398006,36.23778219020667,10.275793796024686,14.01041205239768,61.12190419752591,120.83773158113534,195.19358544627505,0.0,898.028208633678,2.720864939716607,4.104089224858148,0.0,10.49594002172815,1.8319512248826109,2.8483441732585923,0.0,9.357223871716142,24.985584124034933,16.411318286150088,0.7006811189779991,60.3876118765043,3.221367747018035,2.4527977275410837,-0.0171621888394571,9.413723613204334,6571.208624621188,10,0.4824561403508771,45.75659208508117,46.90265486725664,50.0,18.056211410737568,44.17905443528322,5.128498623119716,5.040023575010308,-4.232808366400097,6.510213735576038,-5.512918944588175,5.5226723389660375,7.617500626155124,-3.750000000000001,-0.10732460462042519,-4.52108964435865,5.672333057820265,-3.3306394755259228,4.891971263115703,-4.106400822640951,1.9788976565171985,-1.065724498235697,1.3804606959129815,-1.291943942473743,-4.181613036029593,2.8971388736855657,-0.6427461816910676,1.0969956711406283,-1.475510866027421,3.0995898240247888,-10.85211118047517,-1.3803774947671408,0.18678368680588828,0.021420777445247653,0.0,0.31569879879017265,-2.1936881086185074,-4.172088826954838,0.0,-4.406376812111015,3.3185634684483807,2.145076553404508,0.0,-0.28704144840684626,1.074436947737787,-0.7992296887740897,-1.1377881937997143,0.5539608146784176,0.4969625367511271,0.16251129753394183,-0.6418778268599645,-0.5029744124018062,3.0902747855645036,2.0891832060991833,-5.672333057820266,10.85211118047517,Humidity_Percent_min,True,31.19149040908226
T049,21,10.9,53,37,7.9,218,1.8,1.2,205.6,66,1.12,4.4,96.1,94.3,37.41972674866698,13.233225983346154,21.36152765096805,69.95566131044691,0.962068617816906,0.1337086814275888,0.5516471643714553,1.436910375608419,36.87043412167336,11.070463491350193,12.5642982866909,69.34893383437506,134.409610470099,204.26384766737036,0.0,911.9377561918444,1.546379366045351,3.204870753669413,0.0,10.16460716614685,2.19151562451109,2.966584921649376,0.0,9.621074992371378,22.0999258065403,14.746980860081724,1.341717909829075,62.82644529013005,2.864035420700485,2.3586792736767697,0.0328899559467421,9.28507375349396,5193.48256453697,12,0.2982456140350875,37.51443184329016,70.79646017699126,29.999999999999982,69.69157069104956,49.2138678595184,5.709083372906854,5.908161607069499,-4.528120578009406,7.315601001832867,-6.110255534520979,6.669688901674368,9.068453126375147,-4.500000000000001,2.376473388024134,-5.66875086177277,8.070702068844941,-3.8397818157337067,5.7115685428000065,-4.896093288533442,3.9074913678865997,0.3180480735409874,0.8128137113869875,-0.4902523088693027,-27.327872456091935,1.1726164316090744,-0.734173165274336,1.7785452898134204,-0.5637201886302075,5.7754337951733,-13.306318350697191,8.577578776671047,1.1537786834205357,0.4593737905926779,0.0,0.8715846640956424,-3.443269667103484,-5.32988876304137,0.0,-4.599767959305949,5.681228101506072,2.830751566850111,0.0,0.4280579708355765,-0.9808511123073271,-4.974902421152614,0.6199131193682379,1.4737443318658072,-1.0686083890642655,-0.9562113068793502,0.9052007662644246,-0.6807164155023112,-0.026389683175479264,3.1791918353683224,-8.070702068844945,27.327872456091935,Pressure_Bar_mean,True,30.027172163120596
T038,17,9.3,58,30,11.0,178,1.2,1.9,198.9,84,0.81,6.6,91.8,97.4,36.786337697323695,13.876116887116789,20.87177966461285,65.90410233658858,0.9853213863444028,0.1524029811850473,0.6441925749450326,1.455552218202007,38.295585118862704,10.08883349718433,19.72449972773019,65.20797495945764,128.16472283476534,207.76924373781364,0.0,897.5347326389182,2.5149722550317177,4.666149528134231,0.0,13.2024395644958,1.9476120224371432,3.0110785329630736,0.0,9.66512946678643,22.14544494671828,16.179968975875806,1.213349898545332,64.3595478062973,2.9272482236332733,2.4519458872090247,-0.0876839181053699,9.486994428952162,4384.79809945022,11,0.5701754385964912,48.8623246174035,11.50442477876119,39.99999999999999,100.0,40.99625728058976,3.3867443737583036,3.5931268549116555,-3.0515595199628605,4.496745569933965,-3.7955762485313613,4.120763206766966,4.715595625715076,-2.750000000000001,-3.787025334464232,-3.7907597787314833,4.530252576379944,-2.906354192019436,3.5089008536484343,-3.264062192355623,3.0712841446956087,2.379900711894752,0.13612635473719825,-1.559918380684135,0.0857751933410114,4.626873410991594,1.437526224935787,2.143743970941884,1.4902360683404579,2.4700495364828416,-1.1547033577756933,3.5653824897443145,0.7088310717306816,0.6286300627823931,0.0,0.2959773571539574,-2.4127454623882807,-3.4484010869225936,0.0,-2.8266570751712297,4.078559942225244,3.088768857428602,0.0,0.5474560957743679,-0.9484304529575578,-1.3796642757970816,0.2679323513024434,2.051939798866874,-0.7916557622735814,0.15238604583570245,-2.8216576977015864,-0.401743819619616,-1.8557795827929722,2.634187520733753,-4.530252576379943,4.715595625715076,Lubricant_Conc,True,29.885378699365
T052,19,10.0,55,33,9.4,192,1.5,1.7,198.7,79,0.87,5.7,93.9,96.6,34.93108045841731,12.822400203773372,21.38616702669693,67.09962013264669,0.9728274340634264,0.1381308557631768,0.6351904870825628,1.348506366961604,37.252568842566,9.845165768863128,18.17562114240715,65.02116124802737,101.51342764898357,164.12291553154347,0.0,913.701132545342,2.4798130036552464,4.192595539065653,0.0,10.95841002883938,1.7060962308382597,2.8259739204750987,0.0,9.961630474070972,22.130350873468213,16.219798438420256,1.224649503771666,59.53221853240117,2.74987350521022,2.197638491862972,0.0036531672224259,8.99182215478637,5930.934034089481,7,0.5175438596491229,47.78314978092384,9.734513274336363,80.0,42.0528602932726,42.23889992399771,4.547913873332579,4.605954558980711,-3.937496154790788,5.704826469319209,-4.990249428396971,5.012887199984557,6.892024376045112,-3.250000000000001,-3.971010370956438,-4.312423968465174,5.215500865244136,-3.2882109471752736,4.584622283234091,-3.685231507498291,0.6219530412280988,-0.9995350693340458,0.8468580658223422,-1.2442856000815636,-14.643860341219003,1.9897278913018441,1.2262804311100546,0.04668712170558852,-0.01297994950388809,1.6495616965323454,-3.783313236228306,3.339264090827227,-1.190071011672666,-1.4788107680130593,0.0,0.9420568333753486,-2.450152777654695,-4.058131420366828,0.0,-4.136444012776709,2.4915818661832065,2.0153520414502246,0.0,1.3510444890600566,-0.9591810911534338,-1.2797357408214343,0.2989154886637763,0.23135710824150138,-1.5687830515943009,-2.8703945031652993,0.0015110210936691564,-1.0858713584152335,1.6418583518757706,0.45417026219547446,-5.2155008652441355,14.643860341219003,Pressure_Bar_mean,True,29.294330109294744
T014,23,11.5,50,40,6.5,240,2.0,1.0,206.8,58,1.28,3.9,97.2,93.1,35.471662330780426,12.81274196084236,21.34216260090779,70.1718152558982,0.9701044690258012,0.1356379251139301,0.5258191305203692,1.421768860637776,36.40670093147276,10.53229576809376,17.51464191739786,64.65169513567471,103.59931190403718,164.99145894362607,0.0,884.8125802183381,2.100359076080435,3.126107704186294,0.0,8.600451371446567,1.8824943069178008,2.9301040107168688,0.0,9.889063212223569,24.747303338568237,16.5939635186444,0.9824036298381228,59.0693874978938,3.05877101930027,2.2746722730669684,0.0056550264140493,9.628090770942515,7052.981451491946,10,0.1578947368421051,31.06397106574105,81.41592920353986,50.0,0.0,46.85036718735838,6.87025287248113,6.77629963912869,-5.414057212837334,8.523681901218112,-7.155594566903387,8.071598033873439,10.519405626595171,-5.000000000000001,3.4803836069772918,-6.5034135653466745,9.898030839149454,-4.05192445748695,6.275041672582971,-5.5278472612474365,1.3356352014066901,-1.0305105794126168,0.7860569203398402,-0.43318475950620794,-17.854076106060642,1.5290942646883985,-1.3402618412777323,1.4819189627856626,-1.2320617815252546,3.963293649131137,-4.90506450632479,2.8920641227965955,-1.0414519697068316,-1.4368735896714842,0.0,-0.21245504708410548,-2.853868788154538,-5.431301107848951,0.0,-5.512728682739146,3.6506774165858054,2.619199716624301,0.0,1.1543699148751037,0.9047232812448441,-0.3409892472146688,-0.3653145474269712,0.0568046544313084,-0.215418322184759,-1.9547458838139968,0.06338716076838288,-0.20680581881667529,4.180131684562788,2.0891832060991833,-9.898030839149458,17.854076106060642,Pressure_Bar_mean,True,29.238675052125444
T010,17,9.5,59,32,9.8,170,1.4,1.8,197.6,78,0.88,6.1,92.3,96.8,35.76574578911724,13.780334052818052,19.93282470326068,65.82195561952757,0.9803614139456014,0.1344491702772782,0.606139046859853,1.32179364845536,38.52291742382345,9.864840369003952,14.16842660392656,60.36407652553554,99.41798457527834,164.64908522110375,0.0,852.9713498123892,1.9853786106418336,3.964149495686214,0.0,11.35369177597432,1.7862939501358166,2.918435833757793,0.0,9.350189571376845,20.023484355950146,15.89431609864183,1.178929896397931,57.66620600139672,2.5699327466135653,2.30775404991201,0.0170210701187333,10.27234418602537,4645.448370580433,8,0.5087719298245614,45.16994926011758,0.0,70.0,90.23117092268936,41.09109679631597,3.3867443737583036,3.882506198931385,-2.7562473083535513,5.302132836190794,-4.691581133430568,3.6109780677854864,6.166548125935099,-3.0000000000000004,-4.98292807166348,-4.416756806411912,5.329708913388169,-3.1184968337726793,3.76502500354978,-3.579939178712624,1.7238874321023376,2.07271003856348,-1.1612326309305474,-1.5816062190490925,-5.761740793018493,1.3094409615663456,0.5445502985690699,-0.4766221766569864,1.8178719547178046,1.7158108066736575,-10.583943865732778,-2.2976483874311526,-1.3393711184995476,-1.4534049312960318,0.0,-1.4849687534130962,-2.976201043585298,-4.352269967225506,0.0,-3.905727410858289,3.0185537110933454,2.551536263016429,0.0,-0.306106078774595,-2.45978064977452,-2.096341622414885,0.17355386345714066,-0.472392298870069,-2.357152866693934,-1.561525106897506,0.4147040319862832,0.6832914790658249,-1.2661417278268559,0.9991745768300441,-5.329708913388168,10.583943865732778,Humidity_Percent_min,True,28.334046750367285
T003,18,9.2,55,30,10.8,180,1.2,1.9,198.5,85,0.78,6.8,91.5,97.3,35.23219243367587,12.130565346171151,22.0872767733886,65.78971468925602,0.9730791243006468,0.1407986881496338,0.5922924389001564,1.416480061940954,36.9152954722836,10.32423763242404,18.58127745655068,67.43471040438519,114.21006767850356,178.99955924037135,0.0,876.2555273164415,2.8558130829974826,4.750908781452386,0.0,12.13906657465291,1.6902644751180322,2.7120862222920614,0.0,9.994163118673692,23.32840447578528,16.192693164151645,1.126662406624561,59.80284121406839,2.989995323292521,2.363259232817312,-0.0267090481614876,9.60658748050544,6018.728354752602,8,0.5964912280701755,49.18249295181474,7.964601769911539,70.0,38.762444715349886,39.93862218323434,3.9673291235454413,3.448437182901788,-3.937496154790788,4.496745569933965,-3.944910396014562,4.248209491512337,4.715595625715076,-2.750000000000001,-4.1549954074486175,-3.686426940784745,4.187628431947847,-2.8214971353181384,3.355226363707628,-3.3167083567484603,1.0194843976140577,-3.218358695684747,1.8155850732389578,-1.590118258354888,-14.347132342064723,2.4826791523976324,0.2196214892831205,1.3783099821209697,-0.49906510859743797,3.262711871248974,-3.0948718020716273,6.260612137311522,-0.2854366951708491,-0.7604995682939443,0.0,-0.5544320047776516,-2.0501114526120277,-3.3392682552262296,0.0,-3.4473227258536228,2.3875528539727675,1.354920252530411,0.0,1.4392157092695892,-0.10587657855467764,-1.3477404331958927,0.03023816501076496,0.33341995541420116,-0.5167435092509959,-0.9017724204819978,-0.9369649155706135,-0.23651465739716251,1.8404649164864353,0.9991745768300441,-4.187628431947846,14.347132342064723,Pressure_Bar_mean,True,28.073253584054598
T047,18,9.6,57,32,10.3,182,1.3,1.8,199.4,82,0.84,6.2,92.6,96.9,35.24633039964998,13.011237027781355,22.84114990011839,67.80647483767807,0.9778053042693092,0.1380193040081495,0.5699137453082039,1.417137669288036,37.06869246304619,10.180907327182323,13.33121869029932,63.64030443043114,101.59840618675294,164.2573819537979,0.0,872.3242835510473,2.96035010808692,4.72987748518246,0.0,12.32691625900395,1.6885948722173427,2.783149975420781,0.0,9.547415226246322,23.346404946685805,16.886532884335463,1.24985878082036,59.42157395028056,2.9092182788446657,2.3333121752140653,0.0106729200414365,9.320594294885744,6000.026071298252,9,0.5438596491228069,47.90925888890701,15.929203539823078,60.0,39.46338168207069,39.8888027857168,3.9673291235454413,4.02719587094125,-3.3468717315721697,5.302132836190794,-4.3182457647225645,4.375655776257706,5.441071875825089,-3.0000000000000004,-3.327062743233756,-3.9994254546249595,4.872876720812039,-3.07606830542203,3.918699493490586,-3.5272930143197865,1.0381494964876563,-0.39390555814388994,2.8572155190783093,-1.0576664491440408,-8.77524389207174,1.9691158098992387,-0.305523895303007,1.3911926858906758,-0.2779862828458756,2.7800842645590955,-12.004773757070115,1.6678817798712104,-1.1840162994611216,-1.4723181249826827,0.0,-0.7115415608659723,-1.9388903855687594,-3.3663473625369904,0.0,-3.337679310342903,2.3765820467160275,1.7670171019260952,0.0,0.22842244968731737,-0.09305588086751755,0.3930409461286287,0.36803847817842694,0.18962852508693365,-0.8706498953988792,-1.2577329032659341,0.218486924158473,-0.6316414130701006,1.7981569831350734,1.5441788914646135,-4.872876720812041,12.004773757070115,Humidity_Percent_min,True,27.9872321963433
T016,18,9.8,57,33,10.2,175,1.3,1.7,198.8,83,0.85,6.4,90.6,97.7,35.21693998840433,13.111808510489151,21.56678707557446,68.1682830026192,0.9863395297348942,0.1387914598113839,0.5665883571580729,1.419022294455289,36.99443224587027,9.618719458975132,17.10177884610729,61.29389927290695,108.81000134066876,176.99641405965778,0.0,871.3288261811007,3.451089758299501,4.824096933753348,0.0,11.92507021847448,1.6269596998433946,2.892618994925091,0.0,10.00033448232047,25.033846689975576,16.92152022132667,1.24496121530076,68.36016622170995,3.222848667794371,2.3539274399830528,-0.0393161519007463,9.21432611438734,6383.630905943772,8,0.5350877192982457,46.38720804409529,10.619469026548956,70.0,25.08637740491033,38.24936166609384,3.9673291235454413,4.316575214960982,-3.3468717315721697,5.704826469319209,-4.3929128384641665,3.9295937796489113,5.441071875825089,-3.250000000000001,-3.879017852710322,-3.8950926166782214,4.987084768956072,-2.9912112487207327,2.8942028938852027,-3.106123699177126,0.9993479508593497,-0.07135693325589414,1.09642173292897,-0.9621442264539035,1.2861064197292236,2.1117916312510956,-0.3835584879758659,1.4281129968549504,-0.385011600172454,0.8870625139576006,-5.605736565404444,-1.1721955001532172,-0.6701908749565021,-0.8572204178439062,0.0,-0.7513243560398241,-1.4167731023345487,-3.2450339386820803,0.0,-3.572227334979317,1.9715829921077086,2.4018250885300207,0.0,1.4559415755413936,1.108811591098566,0.480821024113081,0.35460951829970005,3.5607361178341312,0.5034508568389303,-1.0126931502087955,-1.3266421291969,-0.7784610000494795,2.665940204208416,0.9991745768300441,-4.987084768956071,5.704826469319209,Drying_Time,True,27.643770759444212
T034,21,10.7,52,38,8.0,215,1.7,1.3,204.8,70,1.05,4.8,95.3,94.5,36.20775411308464,12.791805735845768,21.41035023162846,69.7521237551806,0.966911317875324,0.1400076707216521,0.61996075118005,1.46857243951583,37.10275406203359,10.34487372087069,14.16467988295005,62.15198025124504,128.1307592458452,201.2986638845753,0.0,873.0847846175914,1.5529857080992244,3.187468050700165,0.0,9.594828194985284,1.9420237082611709,2.883419170703689,0.0,9.08793981415957,21.15689531560543,15.240352876815914,1.267481316864555,59.1326384385353,2.765813252040773,2.3350315789713845,0.0382760246738315,9.461056665797337,5648.891049266649,14,0.3596491228070175,39.40700139632931,63.71681415929196,9.999999999999986,52.623460121317,42.14019081845102,5.709083372906854,5.618782263049767,-4.823432789618716,7.718294634961282,-6.035588460779379,6.478519474556313,8.342976876265135,-4.250000000000001,1.6405332420553882,-5.251419509985817,7.271245731836715,-3.670067702331112,5.301769902957854,-4.790800959747775,2.3074317046599644,-1.097656358724794,0.8802721266788731,-0.5439889615043185,-21.61861366755784,2.3365181564325983,0.8688947113043956,2.398813588010976,-0.22889602188365407,3.3321985437405357,-10.590302445329645,-0.13357849780628456,0.7064111694591141,0.3162013948497269,0.0,-0.6811486389054461,-3.436240919041676,-5.352295829878969,0.0,-4.932334461614219,4.041839643231164,2.348475548015791,0.0,-1.016865421455514,-1.652517364866185,-3.737076458143275,0.41635887911065195,0.08065916303514184,-1.498946648994118,-1.2372955100614182,1.071680577756425,-0.4375793035405779,1.0038263258277493,4.2692004646374615,-7.271245731836717,21.61861366755784,Pressure_Bar_mean,True,25.353312843008226
T040,23,11.8,49,41,6.8,235,2.1,0.9,207.2,55,1.35,3.7,97.8,92.9,36.48714388057262,13.121891242839734,21.68273702970451,70.65956280738983,0.96813326127727,0.1419524730330977,0.5739570505454257,1.413195837875131,36.81705808250727,10.67034831441705,14.51651634613887,65.44838092640505,128.75053187841525,200.0654835877913,0.0,945.5157358267644,1.207639044585203,2.60701925653316,0.0,8.27993365765229,2.142211121053542,3.014425541024498,0.0,9.841765623500766,21.3063684018696,14.933097404890187,0.9221423507597748,55.86435045937813,2.741786712764326,2.313685635378313,0.0011368440378888,9.592866603789052,5582.268521289836,15,0.0964912280701753,29.16953109522472,84.95575221238916,0.0,55.12038477703203,42.66657657950984,6.87025287248113,7.2103686551582875,-5.709369424446643,8.926375534346525,-6.931593345678585,7.752982322010013,11.244881876705183,-5.250000000000002,3.8483536799616513,-6.816412079186889,10.697487176157681,-4.1367815141882485,6.582390652464584,-5.633139590033095,2.676285162362813,-0.03902001858354026,1.2566303915655375,-0.3044128445945223,-20.178014203933408,2.695870849231372,-0.21064243696070778,1.3139711544891197,-0.6406468089207693,4.428149772315197,-9.993198959296832,3.856368691560398,0.750569906774495,0.2566579093841689,0.0,2.213506404289718,-3.8036688651019372,-6.099659900258491,0.0,-5.699807287600787,5.357252739401306,3.1081780698088783,0.0,1.0261821772477258,-1.546056302711199,-4.507952769580408,-0.5305489472007591,-1.1519454896054546,-1.6042135072344772,-1.4910203496611736,-0.07626685933101418,-0.2554713520826923,0.8531141691960626,4.81420477927203,-10.697487176157683,20.178014203933408,Pressure_Bar_mean,True,22.666576579509837
T021,17,9.1,58,29,11.5,185,1.2,1.9,197.8,86,0.79,6.7,92.8,96.4,35.17047503632014,12.646278323967614,21.88236263700317,65.90564605009584,0.9839461694132876,0.1360728872627836,0.6371622451768832,1.415981058078821,36.48854408822433,9.661777965599866,11.73096805185604,62.37108050221346,117.95501552475682,189.54645567506552,0.0,890.4601860543139,3.793747152376653,5.4413704050943,0.0,12.92956293981231,1.5956649966194612,2.7479062519820068,0.0,9.561913230097048,25.49189556040527,17.255820315447824,0.4841017878323701,60.19860443506786,3.212947497199885,2.334831722131512,0.0406768351088223,10.01617227011468,6500.433367903343,11,0.5877192982456141,49.61960201923269,1.769911504424826,39.99999999999999,20.708774873577784,30.449691746378303,3.3867443737583036,3.3037475108919234,-3.0515595199628605,4.09405193680555,-3.4222408798233586,4.566825203375761,4.715595625715076,-2.750000000000001,-4.798943035171273,-3.582094102838007,4.301836480091879,-2.8639256636687866,4.021149153451126,-3.7905238362839504,0.9380044077784933,-1.5643857468276607,1.532454138239539,-1.559510819551748,-1.53552475408443,1.6094648085406742,1.272550319854816,1.3685343630310578,-1.1141077792955674,1.0320508607338759,-14.720567413249299,0.13161937001618076,-0.018609540320941725,-0.25124802072728397,0.0,0.013247783572844918,-1.0522063761729745,-2.4502557968121903,0.0,-2.9859287036900395,1.765948372591367,1.5626396696817793,0.0,0.26771549535671646,1.435053394781219,1.3195498573346316,-1.7316414331033347,0.4826784022398614,0.4600711129069747,-1.2396710735692344,1.145888035718307,0.32936564055682194,2.9301684086371673,2.634187520733753,-4.301836480091878,14.720567413249299,Humidity_Percent_min,True,19.566094915022433
T012,19,10.2,56,34,8.9,190,1.6,1.6,199.2,81,0.82,5.8,94.1,95.5,35.23925789233978,13.244872326378983,21.04297703517998,68.58306008481175,0.9776148056752848,0.1395530012653384,0.4654199544949925,1.36633674290579,37.17107888258886,9.798755353356247,13.48411977709599,61.72923262254563,120.39951301548923,199.89290789665012,0.0,873.6935177206216,2.678443516333457,4.126456822218907,0.0,11.2815926434899,1.6213467823795222,2.8270236714969337,0.0,9.322208873840395,23.906819898458863,16.640187896410563,1.182229331677784,60.60580698911032,3.128709865291638,2.463003907013209,0.0515199617656853,10.25922168330218,6383.120912888517,12,0.5614035087719298,47.78884630273963,14.159292035398252,29.999999999999982,25.105491273335637,31.873875259048887,4.547913873332579,4.895333903000441,-3.642183943181479,6.107520102447623,-5.3635847971049735,4.885440915239187,7.617500626155124,-3.5000000000000004,-3.511047779725962,-4.1037582925716976,4.644460624523975,-3.2457824188246254,4.687071943194623,-4.264339315819448,1.0288122942005056,0.3553997345593236,0.3726706578932424,-0.852637497056552,-8.999830539813171,2.252506176141277,-2.757607692687836,0.3959889541908113,-0.13042491744443277,1.4932866664625066,-11.745284529839276,-0.6452701515700593,0.1555606583755341,0.24832517962520964,0.0,-0.6568210231937934,-2.238821935318966,-4.143289148540247,0.0,-3.947809968347069,1.9347010271693956,2.0214395202238906,0.0,-0.38194043759264157,0.30609538110515605,-0.22501644579465302,0.1826008039867328,0.6362510879642417,0.09100294397256686,0.2838252716949084,1.4810418878664084,0.6651614948982357,2.6647865080705055,3.1791918353683224,-4.644460624523975,11.745284529839276,Humidity_Percent_min,True,19.326205057643243
T032,19,9.9,55,34,9.1,195,1.5,1.6,198.3,76,0.89,5.9,93.7,96.2,35.97264027642394,12.64992912804056,20.73261607174172,67.84491854823551,0.97919561350435,0.1419842515360836,0.5734573434654023,1.375939667405006,36.54657006882992,10.206924400250404,17.66796759295972,65.25259501614033,125.61853461816392,194.8025350863745,0.0,839.4296648134886,2.484655101020912,4.047455902829473,0.0,10.77021149414546,1.8529651149083213,2.9107852399270064,0.0,9.819458554676409,24.003914711252385,16.074227925258135,1.353618394239472,60.27864314776298,3.1132488113276757,2.398930275117785,0.0315765511493713,10.44582102051104,6241.0178249256205,11,0.5,45.39324366979735,6.194690265486713,39.99999999999999,30.431327964961685,31.058837344061125,4.547913873332579,4.461264886970847,-3.937496154790788,6.107520102447623,-5.214250649621772,5.204056627102612,6.892024376045112,-3.5000000000000004,-4.338980443940798,-4.625422482305388,5.4439169615322,-3.2033538904739762,4.482172623273551,-3.895816165069617,1.9970318199905506,-1.5526770417180285,-0.056156710074735314,-1.0475167924012172,-7.136151005214364,2.7017427522797663,-0.22236871873140213,0.5841128128965007,-1.0304795699572131,2.8676900063228334,-4.6448547072989586,3.619390387234456,0.5274154191127592,0.002539109061667397,0.0,-2.0261532349233136,-2.4450010791509738,-4.245007765706716,0.0,-4.246291043977428,3.456643809043861,2.5071706690973667,0.0,0.9657247044059019,0.3752504186981373,-1.6449590500666869,0.6525438472360069,0.5128642641616163,0.023263826110244645,-0.4777747908348669,0.8646042952280925,0.9229662064416156,2.3433237311196815,2.634187520733753,-5.4439169615322,7.136151005214364,Pressure_Bar_mean,True,18.163173347518693
