Batch_ID,Granulation_Time,Binder_Amount,Drying_Temp,Drying_Time,Compression_Force,Machine_Speed,Lubricant_Conc,Moisture_Content,Tablet_Weight,Hardness,Friability,Disintegration_Time,Dissolution_Rate,Content_Uniformity,Temperature_C_mean,Temperature_C_std,Temperature_C_min,Temperature_C_max,Pressure_Bar_mean,Pressure_Bar_std,Pressure_Bar_min,Pressure_Bar_max,Humidity_Percent_mean,Humidity_Percent_std,Humidity_Percent_min,Humidity_Percent_max,Motor_Speed_RPM_mean,Motor_Speed_RPM_std,Motor_Speed_RPM_min,Motor_Speed_RPM_max,Compression_Force_kN_mean,Compression_Force_kN_std,Compression_Force_kN_min,Compression_Force_kN_max,Flow_Rate_LPM_mean,Flow_Rate_LPM_std,Flow_Rate_LPM_min,Flow_Rate_LPM_max,Power_Consumption_kW_mean,Power_Consumption_kW_std,Power_Consumption_kW_min,Power_Consumption_kW_max,Vibration_mm_s_mean,Vibration_mm_s_std,Vibration_mm_s_min,Vibration_mm_s_max,total_energy_kwh,vibration_spikes,Friability_inv,quality_score,yield_score,performance_score,energy_score,composite_score
T001,15,8.5,60,25,12.5,150,1.0,2.1,199.8,95,0.65,8.2,89.3,98.7,35.222404899898685,13.179166389051515,20.91414799977224,64.46482591526552,0.9895728913788779,0.12943430105644357,0.6081912175512476,1.320375559991232,38.26000305901098,9.577896054065263,19.97011084400446,62.9236914022922,121.27641471515251,199.05666859970057,0.0,875.033249808928,3.0705421235331234,5.399741235902181,0.0,14.2194691135473,1.5766266352519118,2.757339939984203,0.0,9.08148252476908,21.821215823434994,16.399438765987455,1.16499661975138,66.06729503026247,2.9098652902916173,2.4057294530761903,0.0118867367811622,9.794026100629143,4604.2765387447835,7,0.7105263157894737,54.26266202931518,19.46902654867273,80.0,91.77423698687662,52.723196475015556
T002,12,7.0,65,20,15.0,120,0.8,2.8,201.3,110,0.45,12.1,87.9,101.2,34.11897383979008,12.37351417983974,21.00230522083554,68.19961150031284,0.9903198967097789,0.13323081295519087,0.445282292158405,1.364275522542044,37.46879950846719,9.42990060238872,21.37905033422404,63.74433375433484,111.62133982030407,186.5557650455266,0.0,870.711447200188,3.907254861249304,6.631457739395763,0.0,18.25277962284972,1.406522562577917,2.540312682023756,0.0,9.97518125445068,21.761982299111178,16.360921868727864,0.9022623139774462,55.69533837674879,2.886003513203927,2.4404218858656668,0.02992832426316087,9.810441483569317,5288.161698684016,9,0.8859649122807017,65.63660220511997,32.74336283185839,60.0,66.14312136598363,54.69196186820387
T003,18,9.2,55,30,10.8,180,1.2,1.9,198.5,85,0.78,6.8,91.5,97.3,35.23219243367587,12.130565346171151,22.0872767733886,65.78971468925602,0.9730791243006469,0.14079868814963384,0.5922924389001564,1.416480061940954,36.915295472283596,10.32423763242404,18.58127745655068,67.43471040438519,114.21006767850356,178.99955924037135,0.0,876.2555273164415,2.8558130829974826,4.750908781452386,0.0,12.13906657465291,1.6902644751180322,2.7120862222920614,0.0,9.994163118673692,23.32840447578528,16.192693164151645,1.126662406624561,59.80284121406839,2.989995323292521,2.363259232817312,-0.02670904816148767,9.60658748050544,6018.728354752602,8,0.5964912280701755,49.18249295181474,7.964601769911539,70.0,38.762444715349886,39.938622183234344
T004,20,10.0,58,35,8.5,200,1.5,1.5,203.2,72,0.95,5.5,93.8,95.9,37.00982958005369,14.190071782179443,21.66285836177271,68.03669402634078,0.9695391587972653,0.12947955378911843,0.5783125450521527,1.321824928516851,37.631641391418746,10.532312283447306,13.29186137831339,60.46808860556018,103.50751932605098,162.37546979073912,0.0,854.0395956374562,2.0068418710427958,3.718109353367542,0.0,10.45742761432978,2.0221534184059635,2.9990614708201604,0.0,9.371258589782165,21.30587702602001,15.723250490607258,1.148982187514158,56.2957512870267,2.7026675812434213,2.2235182239809497,-0.02160624400616348,9.715948077107466,4942.963470036642,8,0.44736842105263164,42.46387097864558,49.557522123893705,70.0,79.08069660357833,53.76087468898418
T005,10,6.5,70,18,16.2,100,0.6,3.2,202.7,125,0.38,14.8,85.1,103.5,33.91822794323227,12.943067596009922,21.00882579988471,74.7121422408095,0.969525046339903,0.11706195106453103,0.5809315153241349,1.325708843881666,36.420932972690174,9.490309579971655,22.09515425355475,61.66413449419625,99.42731880377038,167.4370486953248,0.0,906.4242044657741,5.604898808460925,7.700568333252384,0.0,18.03662896504751,1.2198776066152592,2.2472929313578667,0.0,8.663748441313322,24.982074172152075,17.1728990625553,1.365546077337376,58.3618202123696,3.0903121695931133,2.373055880811308,0.0473259846805599,10.23270981092188,6170.572320521563,7,0.9473684210526316,71.64746242048894,45.13274336283182,80.0,33.071532745122354,61.50596125155736
T006,16,8.8,62,28,11.8,160,1.1,2.3,200.1,92,0.72,7.9,88.7,99.1,35.68251414648584,13.653821733417617,21.41382428168023,64.72141394581676,0.979221346720696,0.13579098023587458,0.545911948585474,1.46356791339347,37.52854735696412,10.137187553960453,19.87047163713706,63.71712468887421,104.11926107589878,172.75622106298636,0.0,845.7751720537685,2.7849639365100614,5.0240890848445785,0.0,13.25907281751367,1.6900234396232914,2.7392380411293584,0.0,9.422052951919854,21.359470254016056,16.183577671971626,1.075513316799509,59.45590946364415,2.7817385840326443,2.4091628198566553,-0.02924519707622969,9.309200972390542,5147.632331217869,9,0.6491228070175439,51.62262177220174,22.12389380530979,60.0,71.40997708482367,46.427214558956
T007,14,7.5,67,22,13.5,140,0.9,2.6,198.9,102,0.58,10.3,86.4,100.8,35.07193629218222,13.586413164777097,21.99454439317157,70.41719226580292,0.9758963233194979,0.13594815842968597,0.6149891296898545,1.386445755918788,38.42017765071368,9.540975119362505,20.96703504863116,61.8730986539593,121.6593084561886,207.80072504788112,0.0,891.3417789105021,3.0830529793319763,5.6739289057690785,0.0,15.41166874041835,1.4867449071757226,2.623063458425936,0.0,9.376043616400702,21.043835142202667,15.843821144372683,1.093350386460917,55.81905168534993,2.8458974171290543,2.466661430750724,0.012123837072855,9.443567464781578,4861.125917848816,10,0.7719298245614035,57.31616011766183,11.50442477876119,50.0,82.14786033972872,44.59257751466596
T008,22,11.0,52,38,7.2,220,1.8,1.2,205.1,65,1.15,4.2,95.7,94.2,36.541462566578886,13.014193494049497,22.53044533934087,69.2323690933862,0.967849952337397,0.14111201437316775,0.5708640332470121,1.383742957452348,36.152988739423456,10.500522059008743,15.94044827410137,61.24468837300648,110.72567031624843,171.1330570551717,0.0,908.8274273385442,2.075769472388492,3.2925988842416394,0.0,9.672543787339748,2.048696314695692,2.972257990684061,0.0,9.835457242682427,23.881875776795457,15.770973288129081,0.9034665108494893,58.68116914316758,3.0545001581499442,2.24120084199349,-0.03421148238305124,9.95915687030524,6018.232695752456,7,0.27192982456140347,35.75568037332741,66.37168141592902,80.0,38.78102136225712,54.091878710335386
T009,13,7.8,63,24,14.2,130,0.7,2.4,201.8,108,0.52,9.6,88.9,102.1,34.43578206449675,12.77286780963385,21.9566954220414,65.16423885056419,0.9785472417392336,0.13058371009489134,0.5549076854246321,1.367847148250736,36.982905274068976,9.659800393095162,19.88408234407818,61.03074023936777,103.17980374562904,176.30592466232503,0.0,992.9650309922647,5.003193039043346,6.8054019843927644,0.0,15.65687338939862,1.4178722982389902,2.5939425960347626,0.0,9.257556117275724,24.86397592638167,17.060019807384652,0.8860506686158249,70.58799871009025,3.199024911269332,2.3867545003905435,0.01532834791611759,9.989837476230285,5917.626270478838,7,0.8245614035087719,66.66783648597246,37.168141592920634,80.0,42.55161775686518,58.07273884795169
T010,17,9.5,59,32,9.8,170,1.4,1.8,197.6,78,0.88,6.1,92.3,96.8,35.76574578911724,13.780334052818052,19.93282470326068,65.82195561952757,0.9803614139456014,0.13444917027727826,0.606139046859853,1.32179364845536,38.52291742382345,9.864840369003952,14.16842660392656,60.36407652553554,99.41798457527834,164.64908522110375,0.0,852.9713498123892,1.9853786106418339,3.964149495686214,0.0,11.35369177597432,1.7862939501358166,2.918435833757793,0.0,9.350189571376843,20.023484355950142,15.89431609864183,1.178929896397931,57.66620600139672,2.5699327466135653,2.30775404991201,0.01702107011873331,10.27234418602537,4645.448370580433,8,0.5087719298245614,45.16994926011758,0.0,70.0,90.23117092268937,41.09109679631597
T011,11,6.8,68,19,15.8,110,0.5,3.0,203.5,118,0.42,13.2,84.7,104.2,34.88558534465347,13.12859775106083,20.43812635733995,72.42581831742481,0.9850768678961,0.124212117983258,0.6135287703461942,1.292040654954956,37.00054153774005,9.727084645752486,20.74822204300968,63.5241197981385,116.29340616222298,181.3397292156384,0.0,887.9285229162565,4.108700979295757,6.97199276420703,0.0,17.95800694491503,1.4467994409247562,2.5324222435216486,0.0,9.278583450288336,22.531433078157225,16.33965400740296,1.243269395557845,55.97604081211801,2.9418472768740975,2.355785132739836,-0.0086686645036997,10.51742922389495,4956.915277194589,9,0.9122807017543859,69.29999842682781,52.21238938053112,60.0,78.55780123556433,63.239496308446896
T012,19,10.2,56,34,8.9,190,1.6,1.6,199.2,81,0.82,5.8,94.1,95.5,35.23925789233978,13.244872326378985,21.04297703517998,68.58306008481175,0.9776148056752847,0.13955300126533843,0.4654199544949925,1.36633674290579,37.17107888258886,9.798755353356249,13.48411977709599,61.72923262254563,120.39951301548923,199.89290789665014,0.0,873.6935177206216,2.678443516333457,4.126456822218907,0.0,11.2815926434899,1.6213467823795222,2.8270236714969337,0.0,9.322208873840397,23.906819898458863,16.640187896410563,1.182229331677784,60.60580698911032,3.128709865291638,2.463003907013209,0.05151996176568531,10.25922168330218,6383.120912888517,12,0.5614035087719298,47.78884630273963,14.159292035398252,29.999999999999982,25.105491273335634,31.873875259048887
T013,15,8.2,61,26,12.8,155,1.0,2.2,200.6,96,0.68,8.5,89.8,98.3,35.046427751092075,12.908233920782926,21.83942816563465,63.16135307627248,0.9802925008255974,0.1301512417838544,0.6161422568159189,1.343934794609126,37.094571055670585,9.449558469907306,18.36857786201674,62.85579703402418,123.599213331641,201.2735525707186,0.0,923.2867363776243,3.951986969152136,5.927172415632826,0.0,15.02659660171609,1.5317638095677901,2.738602592752582,0.0,9.010990840538664,24.141195578804354,16.774255553377138,1.595672731673115,58.92442430187218,3.181812129157555,2.448400474031007,0.02780861031252142,10.06864690072089,5528.333787546197,8,0.6842105263157894,53.94658949959846,26.54867256637168,70.0,57.141787605378404,49.25741633028873
T014,23,11.5,50,40,6.5,240,2.0,1.0,206.8,58,1.28,3.9,97.2,93.1,35.471662330780426,12.81274196084236,21.34216260090779,70.1718152558982,0.9701044690258013,0.13563792511393014,0.5258191305203692,1.421768860637776,36.406700931472756,10.53229576809376,17.51464191739786,64.65169513567471,103.59931190403718,164.99145894362607,0.0,884.8125802183381,2.100359076080435,3.126107704186294,0.0,8.600451371446567,1.8824943069178006,2.9301040107168688,0.0,9.889063212223567,24.747303338568233,16.5939635186444,0.9824036298381229,59.0693874978938,3.05877101930027,2.2746722730669684,0.005655026414049344,9.628090770942517,7052.981451491946,10,0.1578947368421051,31.063971065741054,81.41592920353986,50.0,0.0,46.85036718735838
T015,12,7.2,66,21,14.8,125,0.8,2.7,202.1,112,0.48,11.5,87.2,101.9,34.676663840651806,13.280318504519931,20.96269828595576,68.56405527146767,0.9639574417647115,0.13605263174694612,0.6182659231832988,1.401961040441142,38.495830302638225,9.231973682670347,22.39142374656176,60.78495063943446,123.10792937722597,207.91271537460332,0.0,896.595723102702,3.1699364661992333,6.097009006326007,0.0,16.32471584735008,1.4096585625318958,2.5714062472257506,0.0,9.676766394978529,20.850117808048616,16.07880632680413,1.33076825111899,57.47330866988472,2.7714126906602137,2.442806318548461,0.02374349074924556,10.3861425545811,4670.42638900289,9,0.8596491228070176,65.79221619671071,39.82300884955734,60.0,89.29502766988992,59.19329190054047
T016,18,9.8,57,33,10.2,175,1.3,1.7,198.8,83,0.85,6.4,90.6,97.7,35.21693998840433,13.111808510489153,21.56678707557446,68.1682830026192,0.9863395297348942,0.13879145981138397,0.5665883571580729,1.419022294455289,36.99443224587027,9.618719458975132,17.10177884610729,61.29389927290695,108.81000134066876,176.99641405965778,0.0,871.3288261811007,3.451089758299501,4.8240969337533475,0.0,11.92507021847448,1.6269596998433946,2.892618994925091,0.0,10.00033448232047,25.033846689975576,16.92152022132667,1.24496121530076,68.36016622170995,3.222848667794371,2.3539274399830528,-0.03931615190074636,9.214326114387339,6383.630905943772,8,0.5350877192982457,46.38720804409529,10.619469026548956,70.0,25.08637740491033,38.24936166609384
T017,14,8.0,64,23,13.8,145,0.9,2.5,199.5,105,0.55,9.8,86.8,100.4,35.48029090904035,13.452397267697368,20.19656901384431,66.62329055202875,0.9729717231594366,0.12633859494671515,0.6385431599639145,1.326789326806629,37.48803808005514,9.641260541691993,21.25080800119696,61.05889518926888,115.49538109755532,190.56078324246306,0.0,876.0335355987842,3.047264356930326,5.733942941603726,0.0,15.24090811403133,1.6675603310759022,2.6715903785533404,0.0,9.13031681502227,21.121259893609963,15.681414572503446,0.9001446803451785,57.38167141506993,2.7144609765113414,2.305014771938685,0.006455757554911512,10.09375653356986,4667.798436487802,9,0.7982456140350878,58.77225892606147,16.814159292035313,60.0,89.39351987107531,49.49250334514271
T018,21,10.8,53,37,7.8,210,1.7,1.3,204.3,68,1.08,4.6,96.4,94.8,36.128340833356404,13.127638085421601,22.51297239427383,68.28906769282419,0.9730776517409262,0.13992849192403656,0.6410726906294604,1.39266091723168,36.52515547316676,10.04037032241385,17.87088000842677,65.06276367911066,127.59925849125408,203.3070460411111,0.0,913.0661689926118,2.254607971544762,3.5692120309924076,0.0,10.63544715173369,1.9256666849960165,3.0219174876262183,0.0,10.22985946944027,24.235972470020457,15.95525980988921,0.7843400450934626,62.41443833943723,3.206484944598739,2.3602681557770886,0.02480298825383229,8.999858856006256,6107.465062445155,9,0.33333333333333326,40.373912381817874,59.29203539823007,60.0,35.43670971199448,49.480846543395614
T019,16,8.6,62,27,12.2,165,1.1,2.0,200.9,89,0.75,7.6,91.1,98.9,35.00647055969783,13.25267038978565,21.54995214387788,65.66018912927369,0.9718280921245684,0.12432311113800952,0.640053076249357,1.308840110445459,37.21871874567335,9.752265734890466,19.23132213782963,61.99523375008705,109.04424655409755,185.0829869558005,0.0,886.6887205948101,3.637253884159195,5.580479834516121,0.0,13.98154024615221,1.5510319867770808,2.663875397660524,0.0,8.830429765942583,23.54999969717781,16.558745506409508,1.43498296286635,55.38460388692859,3.0565132644206883,2.4410219868340595,0.01338767940488959,10.18941777503969,5958.149923385986,11,0.6228070175438596,53.366110980460554,29.203539823009095,39.99999999999999,41.03284458574339,42.21079079766129
T020,9,6.0,72,16,17.5,95,0.4,3.5,204.2,132,0.32,16.2,82.3,105.8,33.83756998771753,13.044253304212921,20.9204074658055,75.15721924881022,0.9862856306526419,0.12579950658165978,0.5363906692138315,1.375635737562698,35.96606490806778,8.825131681939075,19.58974619071679,62.51426911008148,126.19178114790643,201.28186499419527,0.0,896.5272704429708,6.5611708530093615,8.526237124086567,0.0,19.79069833265416,1.1453451126428649,2.3310841531571964,0.0,10.01597838874806,26.25042577787013,16.94653125410184,0.5825400676044696,58.4826822610236,3.5255220740966338,2.4938975693500356,0.0506247325895316,10.50326280268388,5827.594522687169,5,1.0,75.0,58.40707964601748,100.0,45.925889158520405,72.11471280965728
T021,17,9.1,58,29,11.5,185,1.2,1.9,197.8,86,0.79,6.7,92.8,96.4,35.17047503632014,12.646278323967614,21.88236263700317,65.90564605009584,0.9839461694132875,0.13607288726278363,0.6371622451768832,1.415981058078821,36.48854408822433,9.661777965599866,11.73096805185604,62.37108050221346,117.95501552475682,189.54645567506552,0.0,890.4601860543139,3.7937471523766533,5.4413704050943,0.0,12.92956293981231,1.5956649966194612,2.7479062519820068,0.0,9.561913230097048,25.49189556040527,17.255820315447824,0.4841017878323701,60.19860443506786,3.212947497199885,2.334831722131512,0.04067683510882233,10.01617227011468,6500.433367903343,11,0.5877192982456141,49.619602019232694,1.769911504424826,39.99999999999999,20.708774873577784,30.449691746378306
T022,13,7.6,65,24,14.5,135,0.7,2.6,201.4,109,0.51,10.1,88.1,102.6,34.98992062787141,12.929020469683579,22.35604707192621,68.14537571056226,0.9759749650521671,0.13254485451492487,0.5180369826907989,1.316900963295087,36.32860964114188,9.688374727664494,21.79867657029268,69.05360017256183,110.1498873178822,176.98232696615213,0.0,859.4053545517731,4.422319978741544,6.740047847319029,0.0,16.07917860541359,1.5026648490900367,2.5909233174488278,0.0,10.08034557346988,23.961304022233744,16.731389070743983,1.145539824144364,55.66142413873373,3.0988114984131854,2.414916740478565,0.01008784678390903,9.225036755461058,5942.403397513968,10,0.8333333333333333,66.87742767446036,33.62831858407098,50.0,41.62300364883657,51.0017670098891
T023,20,10.5,54,36,8.2,205,1.6,1.4,203.7,74,0.92,5.2,94.9,95.1,36.877457432308304,13.767714733570523,21.81405389779769,68.16528399185964,0.9737040886240476,0.14564508554055083,0.5607538699185183,1.351549269398675,37.63085849287827,10.263557538700457,16.2131316061627,62.89238963004816,125.63978320503705,199.405311556093,0.0,938.1510675317271,1.834109539283779,3.4290502265929828,0.0,9.83305980347508,2.0991198213383835,3.0885115189222727,0.0,9.186434694437517,22.210360529229888,15.682791427112159,1.210146810611923,57.84774982143578,2.9002982691762456,2.3603947226763373,0.03233371839890051,9.70324997911328,4819.648234842885,9,0.4736842105263157,43.95878436286728,53.98230088495559,60.0,83.70238930319714,54.1484429409533
T024,15,8.4,61,25,13.1,150,1.0,2.1,200.3,98,0.62,8.8,89.5,98.5,35.05997305051368,13.40502649574335,20.78157574736586,64.9106151466997,0.9876229708841145,0.14259178775256665,0.6246367550133496,1.474516134269566,38.20815818220744,9.449571110634563,20.44171503401668,61.73637013991358,106.195524879794,177.49663871339897,0.0,877.089667078314,3.422437845698328,5.808364872725495,0.0,15.48699766576089,1.5938544868802493,2.7790556491132374,0.0,9.47678341385792,21.47237323137698,16.371524855581303,0.3758895896236103,57.17133168892914,2.7998330479949356,2.3390698177228866,0.01377432263399274,8.618622988072904,4552.14312505192,8,0.736842105263158,55.77697587510679,23.893805309734617,70.0,93.72812871073324,52.85174481403642
T025,24,12.0,48,42,6.0,250,2.2,0.8,208.1,52,1.42,3.5,98.6,92.4,37.17765674788798,13.531742143930263,20.23148467138821,72.1361894532168,0.9772583048060415,0.14682497891960605,0.5274757234355388,1.389169208403015,36.434057492440765,10.933448995094114,14.03063679677647,62.51789587883297,114.12126879917564,169.95020220044853,0.0,895.278776626801,1.2389565163301797,2.4523943429740043,0.0,7.449259185996621,2.3387930785950757,3.125176592945058,0.0,9.528268133082753,22.239119320278306,15.21872321446536,0.9442566940875992,60.15522652592813,2.7660159857136772,2.221888674276695,0.0325927583769383,10.8256552456528,5359.627756187072,10,0.0350877192982455,27.03439433549159,92.9203539823007,50.0,63.4646675989901,55.03633068878585
T026,11,6.9,69,20,16.0,115,0.6,2.9,202.8,121,0.39,12.8,85.9,103.7,34.70365217016981,13.441417976891756,22.16254702971631,70.34198171636507,0.9757356227978461,0.13676468113111778,0.5157203875894759,1.299150812935289,36.99543215575526,9.260690289130714,21.78531301062061,63.98806784097496,112.87818774295523,180.69753083013208,0.0,872.5904358070655,4.923874236156103,7.39553326528968,0.0,17.91252808454258,1.3632736151142222,2.5924279827173304,0.0,9.237724748878463,23.466520756981975,16.36395796418539,1.412575512861936,56.93965753556333,3.11220630652378,2.405339706776464,0.01282815742586903,10.37155680946763,5092.235004265089,10,0.9385964912280702,71.80060934843327,46.01769911504441,50.0,73.48619598148944,59.874173072035575
T027,18,9.4,56,31,10.5,180,1.3,1.8,199.1,80,0.86,6.3,93.2,97.1,36.175442880910865,13.383936849953363,22.55269536986243,66.50904110874627,0.9821450536859353,0.14430675041212737,0.6170233319994918,1.334935985267226,37.84818656876363,10.414342850360734,18.13127084100229,63.14420704348636,106.59737551559996,173.2496438781628,0.0,921.9843205274542,2.809409156204308,4.694372233548162,0.0,12.64776565238199,1.937430502973539,3.0423279730817767,0.0,10.80870197727893,22.60335157430309,16.115775401453583,0.9245205326767576,59.55763387602469,2.899559361275042,2.2866662550005636,-0.02341839978558377,9.28861737511281,4746.703830603649,9,0.5263157894736843,48.14611520254059,13.274336283185662,60.0,86.43624955996765,43.8843719219687
T028,14,7.9,63,23,14.0,140,0.8,2.4,201.6,106,0.56,9.5,87.6,100.9,34.63149641498335,13.200526220834753,21.60280092046158,65.32540584836059,0.9859648279454736,0.12589084665555605,0.5323426376607718,1.334448316613829,37.81009079209334,9.303228496137974,21.14749231380802,61.10384475115848,105.4887462506876,178.4254205426103,0.0,936.5024522605261,4.143394199012067,6.329449113269305,0.0,15.26925196991562,1.457376462192916,2.720575058024972,0.0,9.642403066002087,23.21191010256863,17.110070134542287,1.056005388179677,61.39354794245812,2.987267202233958,2.3535599061935475,-0.03959304662634661,9.156260471125442,5153.044042770236,5,0.7894736842105263,60.99724135338267,35.39823008849545,100.0,71.20715325908374,62.139080893810075
T029,22,11.2,51,39,7.5,225,1.9,1.1,205.9,61,1.21,4.1,96.8,93.6,35.57472138931158,13.047491336271719,21.91944286528083,71.27222522543538,0.9782140556271609,0.14205349769557277,0.6195390528311016,1.411182569338653,36.38412584730335,10.547656711117497,16.02034144357651,64.33842713488251,101.23317332379077,157.55174346891587,0.0,890.19888665511,2.46458491912221,3.590723340262646,0.0,10.10351735769963,1.8863578005924981,3.034228599992176,0.0,10.43478505879717,24.626483392576965,16.52272149158292,1.186438261577464,60.71235558903637,3.104913948214975,2.2777734559537692,0.02580784357007686,8.734227956411074,6599.8975492106265,8,0.2192982456140351,33.81260475798952,73.45132743362832,70.0,16.980988279332987,51.2585389612176
T030,16,8.7,60,28,12.0,160,1.1,2.2,200.5,93,0.71,8.1,90.4,98.8,34.68178638759256,12.930827852169534,21.16776347309048,63.2698981861212,0.9802416216021992,0.13115818177176988,0.6139039692118785,1.287401064142567,37.08396177382112,9.445565106723924,15.80426349953983,60.60105208747819,103.33327460058037,164.85852646692123,0.0,868.2634279331216,3.636498363252343,5.571454856485287,0.0,13.62140858650999,1.529824777862053,2.6871069880399134,0.0,9.148236049477223,23.37381014129509,16.93870201704774,1.027870224262125,59.3345783023958,3.0099318026220905,2.312616370227413,0.03069629392300315,8.723469183712966,5983.695396171543,5,0.6578947368421053,54.206714774312005,25.663716814159443,100.0,40.0754338903349,53.38934434300613
T031,10,6.3,71,17,17.2,105,0.5,3.3,203.9,128,0.35,15.1,83.8,104.9,33.53995458509597,12.95049181395511,20.35092496276372,74.54181551785729,0.9838718618612549,0.12092928044024691,0.6358650327370705,1.341589183214925,37.58375430934776,9.453700744272552,19.98152899717337,62.26951069786692,99.90776779965526,172.2486518628119,0.0,875.9879386446363,5.059927118847621,7.830928566873502,0.0,19.21368992010866,1.1748946145971635,2.3214865005713143,0.0,9.637840127042153,22.54540689514896,17.030990038318354,0.900085816087075,55.70229079030712,2.9293445545113936,2.3837443208813083,-0.01903540744121386,9.173219723660235,5253.079806569708,5,0.9736842105263158,73.78087079854514,55.75221238938042,100.0,67.45794450538534,72.98380648677072
T032,19,9.9,55,34,9.1,195,1.5,1.6,198.3,76,0.89,5.9,93.7,96.2,35.97264027642394,12.64992912804056,20.73261607174172,67.84491854823551,0.9791956135043499,0.14198425153608363,0.5734573434654023,1.375939667405006,36.54657006882992,10.206924400250404,17.66796759295972,65.25259501614033,125.61853461816393,194.80253508637446,0.0,839.4296648134886,2.484655101020912,4.047455902829473,0.0,10.77021149414546,1.8529651149083215,2.9107852399270064,0.0,9.819458554676409,24.003914711252385,16.074227925258135,1.353618394239472,60.27864314776298,3.1132488113276753,2.3989302751177846,0.03157655114937134,10.44582102051104,6241.0178249256205,11,0.5,45.39324366979735,6.194690265486713,39.99999999999999,30.431327964961685,31.058837344061125
T033,13,7.7,64,22,14.3,138,0.7,2.5,201.9,111,0.49,10.7,87.4,101.8,34.33404141144617,12.902029204937365,22.0625632210404,66.59931402439129,0.9768519342928381,0.1254416260966726,0.5664474688481846,1.341480766112764,38.12345098992395,9.377836414869952,21.54902169142016,63.49670621803392,122.47276349542402,207.70493885441715,0.0,911.3035573568375,3.681612574358932,6.260165623119418,0.0,15.6652126751727,1.3774695699716757,2.5530698234018447,0.0,8.84748059587672,21.828658219197123,16.240998223430072,1.101394709832537,58.13973012346489,2.9705674687840413,2.466243295708004,0.04905838438182378,9.297325470037435,5151.563339730521,11,0.8508771929824561,65.39230661674907,38.05309734513287,39.99999999999999,71.26264806001569,52.69911665624106
T034,21,10.7,52,38,8.0,215,1.7,1.3,204.8,70,1.05,4.8,95.3,94.5,36.20775411308464,12.791805735845767,21.41035023162846,69.7521237551806,0.9669113178753241,0.14000767072165216,0.61996075118005,1.46857243951583,37.10275406203359,10.34487372087069,14.16467988295005,62.15198025124504,128.1307592458452,201.2986638845753,0.0,873.0847846175914,1.5529857080992244,3.187468050700165,0.0,9.594828194985284,1.9420237082611707,2.883419170703689,0.0,9.08793981415957,21.15689531560543,15.240352876815914,1.267481316864555,59.1326384385353,2.765813252040773,2.3350315789713845,0.03827602467383152,9.461056665797337,5648.891049266649,14,0.35964912280701755,39.40700139632931,63.71681415929196,9.999999999999986,52.623460121317,42.14019081845102
T035,15,8.3,62,26,12.6,152,1.0,2.1,200.7,97,0.66,8.4,89.9,98.6,34.69029380340938,13.04069494864899,21.56382925182432,64.26581443938474,0.978636850617024,0.12808649701166316,0.6234101174103656,1.56329567226075,36.551491105596675,9.402874640772252,20.0505271276428,66.88360078398631,120.35504565283489,195.1137619155348,0.0,890.9125470598746,4.523899499297704,6.080226319430553,0.0,15.02314374449145,1.4103965887102543,2.6380702502303803,0.0,8.870428406873213,25.781549240244253,16.841204862485316,1.330220100009976,57.118186642872,3.439201562058732,2.424079884140166,0.01871874851891416,9.002102735513644,6393.824211580575,6,0.7017543859649122,55.3908835282103,27.433628318583914,89.99999999999999,24.70434572672735,50.856876479532026
T037,12,7.1,67,19,15.5,120,0.6,2.8,202.4,116,0.44,13.6,86.1,102.3,34.276187497271636,12.404103675031307,21.08619419327467,68.98330414839825,0.9769509680524592,0.12898620724849003,0.6598799902520551,1.405526531086346,36.674939530002845,9.44660638306727,21.46635212922421,66.55178136832691,125.30676225180211,203.8530427920153,0.0,889.9552692506202,4.988645232150405,7.274264395343508,0.0,17.39368978870213,1.270647608543206,2.4141089550185235,0.0,9.405719512503897,24.55058485145725,16.77335506647908,1.111412115133303,59.98694946677515,3.2898870109799154,2.4879355369590823,0.008497061991996957,9.734315137143126,6260.399137121598,7,0.8947368421052632,66.93173181717088,42.477876106194756,80.0,29.704941894785986,58.486549748205384
T038,17,9.3,58,30,11.0,178,1.2,1.9,198.9,84,0.81,6.6,91.8,97.4,36.786337697323695,13.876116887116789,20.87177966461285,65.90410233658858,0.9853213863444027,0.15240298118504733,0.6441925749450326,1.455552218202007,38.295585118862704,10.08883349718433,19.72449972773019,65.20797495945764,128.16472283476534,207.76924373781364,0.0,897.5347326389182,2.5149722550317177,4.666149528134231,0.0,13.2024395644958,1.9476120224371432,3.0110785329630736,0.0,9.66512946678643,22.145444946718282,16.179968975875806,1.213349898545332,64.3595478062973,2.9272482236332733,2.4519458872090247,-0.08768391810536996,9.486994428952162,4384.7980994502195,11,0.5701754385964912,48.8623246174035,11.50442477876119,39.99999999999999,100.0,40.99625728058976
T039,14,8.1,63,24,13.6,143,0.9,2.4,200.2,103,0.59,9.2,88.3,100.1,34.119911933920875,12.764903036229853,20.00182558352327,65.8466452813443,0.9836180867970247,0.12633933316601387,0.6260686511048914,1.368254824692604,37.49878384466111,9.29478308887246,22.18082203640943,62.42529348465027,113.63966711970004,195.493037245388,0.0,877.2040850557573,4.127841694663118,6.253784823692728,0.0,15.67760753137457,1.3524427583729672,2.5840820803180486,0.0,9.225663917021903,23.606823824391807,16.875605603045702,0.5936951517572393,57.26323804459033,3.1384335464241873,2.470364819198358,0.0419008010975231,9.521394887122405,6184.987841990654,9,0.763157894736842,59.03847808750239,23.008849557522026,60.0,32.53125797509728,45.771171899767296
T040,23,11.8,49,41,6.8,235,2.1,0.9,207.2,55,1.35,3.7,97.8,92.9,36.48714388057262,13.121891242839734,21.68273702970451,70.65956280738983,0.96813326127727,0.14195247303309774,0.5739570505454257,1.413195837875131,36.81705808250727,10.67034831441705,14.51651634613887,65.44838092640505,128.75053187841525,200.06548358779133,0.0,945.5157358267644,1.207639044585203,2.6070192565331594,0.0,8.27993365765229,2.142211121053542,3.014425541024498,0.0,9.841765623500766,21.3063684018696,14.933097404890189,0.9221423507597748,55.86435045937813,2.741786712764326,2.3136856353783135,0.001136844037888801,9.592866603789053,5582.268521289836,15,0.0964912280701753,29.169531095224716,84.95575221238916,0.0,55.12038477703203,42.66657657950984
T041,16,8.9,59,29,11.8,168,1.1,2.0,199.6,91,0.73,7.8,90.7,98.2,34.74722382618566,12.786566925722827,21.48417493713711,64.9261391669674,0.9771643048633704,0.13205422481600834,0.6098312555897927,1.303459720469962,36.77358819964589,9.37678062240618,16.64612585214154,63.62866012784534,112.76481744074489,184.8656316725821,0.0,885.0260717771358,3.6252904145344615,5.498962853212628,0.0,13.94075018090576,1.5187056459734898,2.7058874935280794,0.0,9.2388989047714,23.655458945859483,16.661669862547683,1.1113766469709,57.85691742388403,3.1078496450447397,2.4224935846448465,-0.001609651957885941,11.30821161711792,6126.763866977606,7,0.6403508771929824,52.523594373960556,17.699115044247904,80.0,34.7134159204459,45.79051385490318
T042,11,6.6,70,18,16.8,108,0.5,3.1,203.1,124,0.37,14.3,84.5,104.1,34.2335335584012,12.783431327490877,21.55654182720014,74.01674693968289,0.9853239589855942,0.1313356492207652,0.6059205026340306,1.43071587737042,37.502430145849836,9.45013701239213,20.80625969687544,62.49915225240365,123.3474079708447,210.3594617878755,0.0,865.9679428439724,4.550846179547651,7.499035846292365,0.0,19.14914365084161,1.2570193753084282,2.339771122513778,0.0,9.195558750053614,22.903503594770143,16.8158501165857,1.65955343823359,61.79867854614741,3.057948489451969,2.542425154818899,0.02139505634913511,10.27698454226455,5496.840862744834,8,0.9561403508771931,71.73652772949838,48.67256637168147,70.0,58.322100973920456,63.12859110069584
T043,20,10.3,54,35,8.7,200,1.6,1.5,202.9,77,0.91,5.6,94.5,95.8,35.95890446993872,12.801762171270418,21.77235839119139,66.91910530667802,0.9817017078549345,0.1430417274815061,0.5555432596465931,1.402120160398006,36.23778219020667,10.275793796024686,14.01041205239768,61.12190419752591,120.83773158113534,195.19358544627505,0.0,898.028208633678,2.720864939716607,4.104089224858148,0.0,10.49594002172815,1.8319512248826109,2.8483441732585923,0.0,9.357223871716142,24.985584124034933,16.411318286150088,0.7006811189779991,60.3876118765043,3.221367747018035,2.4527977275410833,-0.01716218883945712,9.413723613204334,6571.2086246211875,10,0.48245614035087714,45.756592085081174,46.90265486725664,50.0,18.056211410737568,44.17905443528322
T044,15,8.5,61,25,13.0,155,1.0,2.2,200.4,95,0.64,8.6,89.1,98.9,35.19119578041219,13.429307312677599,19.27682640919878,64.83834621799093,0.9782455002636186,0.12697949526298524,0.6901327919112005,1.350996198784996,38.532791508543504,9.461752683128793,21.35289982008276,60.58517158757567,119.86517470353898,197.0448701484843,0.0,866.0959445157475,3.1801536594922015,5.586269096601894,0.0,14.66131596967664,1.5354610248446212,2.7109663020267574,0.0,8.9910028585357,22.101390379906555,16.848914193369694,1.253667908858273,58.81101004486355,2.9119426473385897,2.4474065323873937,-0.003866693346834787,10.78245213195103,4840.204493199535,9,0.7192982456140351,54.54017531232118,24.778761061946852,60.0,82.93196779745915,49.54289522325844
T046,12,7.3,66,20,15.2,122,0.6,2.7,201.8,114,0.46,12.4,86.8,101.7,35.63173551277779,13.697046286507735,19.77075317567687,69.4084921958603,0.98496863398825,0.13600777006524262,0.5735529481373507,1.302309355649333,37.70656869999463,9.37240008862973,20.15612434050439,61.66314140685326,138.068105229223,224.84456354158016,0.0,877.8580484602794,4.2722757587596885,6.908692990233318,0.0,16.8909479110805,1.4800396196121821,2.6252886010031653,0.0,9.008439685987003,23.41966217612178,16.136153442235074,1.252352859163307,60.15936922822981,3.205704284535755,2.5053415485780866,0.01690301943973763,9.039505553307265,4543.414462167625,5,0.8771929824561404,65.8621083493348,37.168141592920634,100.0,94.05526750640918,66.90081256825103
T047,18,9.6,57,32,10.3,182,1.3,1.8,199.4,82,0.84,6.2,92.6,96.9,35.24633039964998,13.011237027781355,22.84114990011839,67.80647483767807,0.9778053042693091,0.13801930400814952,0.5699137453082039,1.417137669288036,37.06869246304619,10.180907327182325,13.33121869029932,63.64030443043114,101.59840618675294,164.2573819537979,0.0,872.3242835510473,2.96035010808692,4.72987748518246,0.0,12.32691625900395,1.6885948722173427,2.783149975420781,0.0,9.547415226246322,23.346404946685805,16.886532884335463,1.24985878082036,59.42157395028056,2.9092182788446657,2.3333121752140653,0.01067292004143654,9.320594294885744,6000.026071298252,9,0.5438596491228069,47.909258888907004,15.929203539823078,60.0,39.46338168207069,39.8888027857168
T048,14,7.8,64,23,14.1,141,0.8,2.5,201.1,107,0.53,9.9,87.9,100.6,34.700321667396246,13.215911242433972,20.54757441566166,66.55435293096482,0.9694119375129407,0.12495863210519544,0.591404803362428,1.376105114079976,38.09220659706876,9.491721567877907,20.71196892862423,62.21769109007453,100.89780862653234,164.8829769238732,0.0,834.8579924415187,2.86195048742777,5.696378118029872,0.0,15.41718668240534,1.504235931248831,2.6228860082708567,0.0,9.565186411855684,19.741394276178855,16.006182261714812,0.646550382191907,56.48279385247532,2.572401816403048,2.2949230107061314,-0.004928421332388688,9.505223219461133,4678.710443454389,10,0.8157894736842105,61.872691582917305,30.973451327433565,50.0,88.98455221305296,52.93956725270229
T049,21,10.9,53,37,7.9,218,1.8,1.2,205.6,66,1.12,4.4,96.1,94.3,37.41972674866698,13.233225983346154,21.36152765096805,69.95566131044691,0.9620686178169059,0.13370868142758885,0.5516471643714553,1.436910375608419,36.870434121673355,11.070463491350193,12.5642982866909,69.34893383437506,134.409610470099,204.26384766737033,0.0,911.9377561918443,1.5463793660453513,3.204870753669413,0.0,10.16460716614685,2.19151562451109,2.966584921649376,0.0,9.621074992371378,22.0999258065403,14.746980860081724,1.341717909829075,62.82644529013005,2.8640354207004854,2.3586792736767697,0.03288995594674216,9.285073753493961,5193.48256453697,12,0.29824561403508754,37.51443184329016,70.79646017699126,29.999999999999982,69.69157069104956,49.213867859518395
T050,16,8.8,60,27,12.3,162,1.1,2.1,200.8,94,0.69,8.0,90.2,98.4,35.449505100010676,12.692660017761822,21.90723077921156,64.89796458708906,0.9808380429618909,0.12990011230622778,0.5212357475127116,1.336951656956621,35.77609414410694,9.772366688368574,21.33950686527908,66.08981310316987,112.60373665927034,180.94254363900856,0.0,842.0962082214593,4.48097654073634,5.949097432000474,0.0,14.21604212521826,1.614755070857902,2.7045308179061984,0.0,9.344715192577087,26.62994309570095,16.949578352508365,0.7331476589439514,67.99762095683379,3.39568029577332,2.364375419335808,0.001315594970922151,9.159963748585119,6577.595944638134,6,0.6754385964912282,53.91351384076364,28.318584070796504,89.99999999999999,17.816823063903797,49.842663063934786
T052,19,10.0,55,33,9.4,192,1.5,1.7,198.7,79,0.87,5.7,93.9,96.6,34.93108045841731,12.822400203773372,21.38616702669693,67.09962013264669,0.9728274340634263,0.13813085576317688,0.6351904870825628,1.348506366961604,37.252568842566,9.845165768863128,18.17562114240715,65.02116124802737,101.51342764898355,164.12291553154347,0.0,913.7011325453419,2.4798130036552464,4.192595539065653,0.0,10.95841002883938,1.7060962308382597,2.8259739204750987,0.0,9.961630474070972,22.130350873468213,16.219798438420256,1.224649503771666,59.53221853240117,2.74987350521022,2.1976384918629717,0.003653167222425993,8.99182215478637,5930.934034089481,7,0.5175438596491229,47.783149780923836,9.734513274336365,80.0,42.0528602932726,42.23889992399771
T053,13,7.4,65,21,14.7,132,0.7,2.6,202.2,113,0.47,11.8,86.9,102.4,34.162570507878556,12.80552445141069,21.47785359571674,68.0669913390501,0.9749606465977193,0.1219807053511517,0.6401779734079718,1.367630535281389,36.25215646657649,9.056584852647838,21.17708981141529,60.68903878068249,116.3847239649624,188.92484455541543,0.0,884.653246174875,5.232478404035425,7.057110966489026,0.0,16.3055609213805,1.3175928966628674,2.5521946228253807,0.0,9.372955487070726,25.759212406532615,17.126331863558818,1.106585945879337,56.569204503935,3.3750134678156156,2.411935115457639,0.02103414826186492,10.1514120581104,6285.247827193958,6,0.868421052631579,66.76867855084284,40.70796460176993,89.99999999999999,28.773645698317864,59.79722537069989
T054,22,11.3,50,39,7.3,228,1.9,1.1,206.4,63,1.18,4.0,97.4,93.4,35.455311956653105,12.860060709776562,23.07423031631622,70.16672803230335,0.9807318049475641,0.14518574091403005,0.62638030048361,1.362345975547428,37.01677289856864,10.469653274343827,17.34733324917325,68.75174030428475,116.14344968350161,184.60537412758188,0.0,864.0342619170585,2.2953519714299797,3.4126505619232956,0.0,8.731616481777257,1.8851589027374618,3.101056175005739,0.0,9.688221547975662,25.156598817613435,16.748528322936885,1.232588074119541,59.88451299088584,3.215012097051814,2.337225784201876,-0.02418562139769005,8.956813434290774,6691.655285485173,6,0.24561403508771917,35.63553748751601,77.87610619469021,89.99999999999999,13.542029101196551,56.97124976353312
T055,15,8.6,62,26,12.7,157,1.0,2.2,200.1,99,0.67,8.3,89.6,98.7,35.778068161334346,13.636993271231322,21.04009593553071,64.85701503903735,0.9776807772433468,0.13321073136428144,0.6211982800202076,1.384667919797437,37.95853118306275,9.9963135535076,15.96877417878289,61.96099170606304,135.89232104868586,219.9670868718767,0.0,880.4168506468586,2.8978708874661527,5.334831145333215,0.0,14.07070822356894,1.6839444116278661,2.7732148857410257,0.0,9.356401113788904,22.1989660846666,15.720963441098656,0.9633498889961745,53.08091851043133,2.9720354269975773,2.542577741934252,-0.006412680101888113,10.6185949655326,4839.374606457319,10,0.6929824561403508,55.50370043259558,22.12389380530979,50.0,82.96307086020714,47.13495540065189
T057,11,6.7,68,19,16.5,112,0.5,3.0,203.6,119,0.41,13.9,85.3,103.8,33.834492381884196,12.356513673510987,21.94701566066155,70.01294294210095,0.9865579491626167,0.12836986827330055,0.6610177586491495,1.421002116255804,37.43012806197803,9.610175606157089,21.54716219649223,59.57624817956565,115.21006837866089,195.5186205631011,0.0,863.6851035654327,4.218720803867201,7.17797142981636,0.0,18.24525162898234,1.2890018777065775,2.45788347580618,0.0,10.72854576847942,21.984456731269702,16.632524462743447,1.023655257946343,57.67255067963557,2.883505089776224,2.446422099366995,0.008259951345131827,10.41095568328976,5452.145269354886,9,0.9210526315789473,70.01449311269606,53.09734513274336,60.0,59.997232982961265,61.93472408319756
T058,17,9.2,58,31,10.8,174,1.2,1.9,199.8,87,0.76,6.9,91.4,97.6,35.631028468347836,13.549174080704821,21.75920533333814,65.81904662684107,0.9764262611851755,0.14237800416890453,0.6480593727463227,1.538990777284416,38.04218548072244,10.177629439276092,16.2654921373489,61.2499781021715,100.54431127267415,162.92301493884898,0.0,873.2148235268779,2.6005163635246946,4.7075027864946675,0.0,12.94978430050399,1.7843743227217277,2.9051686929876066,0.0,9.454320083698375,21.330392890422353,16.324867439878503,0.9545191319224067,62.59586327125963,2.70217780358321,2.3024887278138637,-0.0627435653084649,10.12178889811704,4884.659971906719,9,0.6140350877192982,50.62491656294941,19.46902654867273,60.0,81.26583497067399,46.217258086848986
T059,14,8.0,63,24,13.9,146,0.9,2.4,200.9,104,0.57,9.4,88.7,100.3,33.7575294190542,12.880201815112368,21.68411371470664,66.34970852054637,0.9772392673317101,0.12932371774998466,0.6801930439446331,1.366490685973735,37.71297748744783,9.16443998824689,21.01289010895515,64.7240634583247,102.28094903468046,178.15936279562243,0.0,867.8099236915094,4.672451161162628,6.558542759704924,0.0,15.57854972474602,1.34387351757339,2.658204014574123,0.0,9.45860389044066,24.283559829709056,17.479034664630927,1.300764686476691,60.79769348470554,3.1242053366170413,2.447323852765992,0.01837020160473631,10.78237617805954,6022.322837767846,6,0.7807017543859649,60.76041306367591,29.203539823009095,89.99999999999999,38.62772822322826,54.927999994695924
T060,24,12.2,48,43,6.2,245,2.2,0.7,208.9,50,1.46,3.4,98.4,92.1,36.38394409790615,13.925388883849855,21.35914718253232,71.06540262308862,0.9857979294678654,0.1481409914018997,0.6336649864417656,1.443118774686559,37.601243894036,10.821435678187513,14.90731585171726,61.59695503578224,104.60681272689759,158.15756081807803,0.0,914.040446329541,1.187516037995583,2.519618587344911,0.0,8.450312480716725,2.2862934437266653,3.235727227843169,0.0,9.557680814778927,20.062614529548913,14.57975955421466,0.9459771486229172,59.20567189931626,2.5740824479692264,2.1677607818618525,0.01980097905636516,9.360268267946577,4855.152716150837,12,0.0,24.693251533742355,100.0,29.999999999999982,82.37172807705677,54.11447342120262
